-- MySQL dump 10.13  Distrib 5.6.20, for Win64 (x86_64)
--
-- Host: 192.168.11.136    Database: smartdb
-- ------------------------------------------------------
-- Server version	5.5.35-0ubuntu0.12.04.2

/*!40101 SET @OLD_CHARACTER_SET_CLIENT=@@CHARACTER_SET_CLIENT */;
/*!40101 SET @OLD_CHARACTER_SET_RESULTS=@@CHARACTER_SET_RESULTS */;
/*!40101 SET @OLD_COLLATION_CONNECTION=@@COLLATION_CONNECTION */;
/*!40101 SET NAMES utf8 */;
/*!40103 SET @OLD_TIME_ZONE=@@TIME_ZONE */;
/*!40103 SET TIME_ZONE='+00:00' */;
/*!40014 SET @OLD_UNIQUE_CHECKS=@@UNIQUE_CHECKS, UNIQUE_CHECKS=0 */;
/*!40014 SET @OLD_FOREIGN_KEY_CHECKS=@@FOREIGN_KEY_CHECKS, FOREIGN_KEY_CHECKS=0 */;
/*!40101 SET @OLD_SQL_MODE=@@SQL_MODE, SQL_MODE='NO_AUTO_VALUE_ON_ZERO' */;
/*!40111 SET @OLD_SQL_NOTES=@@SQL_NOTES, SQL_NOTES=0 */;

--
-- Table structure for table `agent`
--

DROP TABLE IF EXISTS `agent`;
/*!40101 SET @saved_cs_client     = @@character_set_client */;
/*!40101 SET character_set_client = utf8 */;
CREATE TABLE `agent` (
  `id` varchar(128) COLLATE utf8_bin NOT NULL,
  `username` varchar(255) COLLATE utf8_bin DEFAULT NULL,
  `address` varchar(255) COLLATE utf8_bin DEFAULT NULL,
  `agentno` varchar(255) COLLATE utf8_bin DEFAULT NULL,
  `company` varchar(255) COLLATE utf8_bin DEFAULT NULL,
  `location` varchar(255) COLLATE utf8_bin DEFAULT NULL,
  `name` varchar(255) COLLATE utf8_bin DEFAULT NULL,
  `photo` varchar(255) COLLATE utf8_bin DEFAULT NULL,
  `tel` varchar(255) COLLATE utf8_bin DEFAULT NULL,
  `localcity` varchar(128) COLLATE utf8_bin DEFAULT NULL,
  `password` varchar(50) COLLATE utf8_bin DEFAULT NULL,
  `icard` char(18) COLLATE utf8_bin DEFAULT NULL,
  `generatetime` timestamp NULL DEFAULT CURRENT_TIMESTAMP,
  `agentcredit` double DEFAULT '0' COMMENT '用户积分',
  `status` char(1) COLLATE utf8_bin DEFAULT '0' COMMENT '是否验证:0验证,1未验证',
  `type` char(1) COLLATE utf8_bin DEFAULT '0' COMMENT '用户状态:0正常,1禁止',
  `creditcount` int(11) DEFAULT '0' COMMENT '成交次数',
  `logindate` datetime DEFAULT NULL COMMENT '登录日期',
  `loginnum` int(2) DEFAULT '0' COMMENT '同一天连续登录失败次数',
  `isgroup` char(1) COLLATE utf8_bin DEFAULT '0' COMMENT '是否是货代还是货代公司，默认0：是货代',
  `imei` varchar(128) COLLATE utf8_bin DEFAULT NULL COMMENT '设备号id',
  `picture` varchar(512) COLLATE utf8_bin DEFAULT NULL,
  PRIMARY KEY (`id`)
) ENGINE=InnoDB DEFAULT CHARSET=utf8 COLLATE=utf8_bin AVG_ROW_LENGTH=1820;
/*!40101 SET character_set_client = @saved_cs_client */;

--
-- Dumping data for table `agent`
--

LOCK TABLES `agent` WRITE;
/*!40000 ALTER TABLE `agent` DISABLE KEYS */;
INSERT INTO `agent` VALUES ('',NULL,NULL,NULL,NULL,NULL,NULL,NULL,NULL,NULL,NULL,NULL,NULL,NULL,NULL,NULL,NULL,NULL,NULL,NULL,NULL,NULL),('21ccd29c6d504d67809b8003f58ac9d2','123','aaaa','06140714000','sss','32.081711,112.13822','0000',NULL,'18672701987','襄阳','e10adc3949ba59abbe56e057f20f883e','429004199181919191','2014-07-14 13:06:41',10,'0','0',1,'2014-07-16 00:00:00',0,'0','86893901123459',NULL),('223941f06f3744c0bff116b4228ae968','samliu','追日路','06140716001','灵动灵动',NULL,'刘刘刘','/upload/agent/1405667931772.png','胜利街',NULL,'e10adc3949ba59abbe56e057f20f883e','42060019861518','2014-07-16 10:11:04',0,'0','0',0,'2014-07-17 00:00:00',0,'0',NULL,NULL),('234587a9c35f4105911457e8a9243171','123','湖北襄阳邓城大道2号','06140714000','大吉大利物流公司','32.081748,112.138275','1',NULL,'13177654565','襄阳','c4ca4238a0b923820dcc509a6f75849b','420606198812230022','2014-07-14 09:35:00',30,'0','0',3,'2014-07-19 00:00:00',0,'0','A0000002FF6FD8',NULL),('3073a281eb40448abe8b720f7fff5420','aaaa',NULL,'06140721001',NULL,NULL,NULL,NULL,NULL,NULL,'0b4e7a0e5fe84ad35fb5f95b9ceeac79',NULL,'2014-07-21 14:27:53',NULL,'1','0',NULL,NULL,0,'0',NULL,NULL),('3abf8a87125a4d5e9d029de0616e3326','aaaaa','111','06140721002','111',NULL,'搜索',NULL,'13123454321',NULL,'0b4e7a0e5fe84ad35fb5f95b9ceeac79','123123123412341234','2014-07-21 15:16:55',NULL,'2','0',NULL,NULL,0,'0',NULL,NULL),('5704d4494d2044c895bfe44d7c6e1e43','danny987','superadmin','06140721000','灵动',NULL,'胡智阳',NULL,'15171001047',NULL,'c4ca4238a0b923820dcc509a6f75849b','420683197603023212','2014-07-21 03:35:54',0,'0','0',0,'2014-07-21 00:00:00',1,'0',NULL,NULL),('6203a64124174f9e9c6c1adbef7e75a0','incito','湖北省襄阳市追日路2号','06140716000','incito','32.081699,112.138405','incito',NULL,'1872573288','襄阳','e10adc3949ba59abbe56e057f20f883e','420606198810115312','2014-07-15 16:27:44',10,'0','0',1,'2014-08-07 00:00:00',1,'0','86537892541800',NULL),('6f70a9a0d9d24f14ad87d00d7fd0d3b1','骆驼','襄阳','06140624000','骆驼物流公司',NULL,'骆驼物流',NULL,'18888888888',NULL,'e10adc3949ba59abbe56e057f20f883e','420908199008264000','2014-06-24 16:31:01',0,'0','0',0,'2014-07-20 00:00:00',0,'1',NULL,NULL),('6f70a9a0d9d24f14ad87d00d7fd0db1','1','襄阳','06140624000','xx公司','32.08166,112.138227','1物流',NULL,'18888888888','襄阳','e10adc3949ba59abbe56e057f20f883e','420908199008264000','2014-06-24 16:31:01',0,'0','0',0,'2014-07-20 00:00:00',1,'0','A0000002FF6FD8',NULL),('8369d44df5e343829cef5dab6f0abbd1','eeee',NULL,'06140721003',NULL,NULL,NULL,NULL,NULL,NULL,'e10adc3949ba59abbe56e057f20f883e',NULL,'2014-07-21 15:17:32',NULL,'1','0',NULL,NULL,0,'0',NULL,NULL),('8d68653a056c4559bc5627931090d5a3','superadmin','湖北省武汉市武昌区雄楚大道2号','06140715000','顺风跨地','32.081778,112.138465','6','/upload/agent/1405569327778.png','66666666666','襄阳','1679091c5a880faf6fb5e6087eb1b2dc','420606198710224021','2014-07-15 02:26:01',20,'0','0',2,'2014-07-27 00:00:00',2,'0','A0000002FF6F7C',NULL),('a30fe0f1ad5f4e7aaa296452d061c158','2','湖北襄阳光彩物流园','06140714000','腾龙物流公司','32.081686,112.138214','2',NULL,'15122334321','襄阳','c4ca4238a0b923820dcc509a6f75849b','420606198910250023','2014-07-14 09:38:43',10,'0','0',1,'2014-07-21 00:00:00',0,'0','A0000002FF6FD8',NULL),('b783647ad190412f9c526a872bdfb2ae','q','eee','06140714001','www',NULL,'a',NULL,'18671871811',NULL,'7694f4a66316e53c8cdd9d9954bd611d','428900990879019191','2014-07-14 13:15:31',0,'0','0',0,'2014-07-16 00:00:00',3,'0',NULL,NULL),('d285bb154fc6429d91285629997b17a6','A001','湖北省襄阳市追日路','06140717000','顺丰快递','32.081783,112.138448','王阳','/upload/agent/1405569580903.png','19888888888','襄阳','c4ca4238a0b923820dcc509a6f75849b','420606199110116012','2014-07-17 03:58:05',10,'0','0',1,'2014-07-18 00:00:00',0,'0','A0000002FF7016',NULL),('d7fd0db1','456','襄阳','06140624000','骆驼物流公司',NULL,'骆驼物流',NULL,'18888888888',NULL,'e10adc3949ba59abbe56e057f20f883e','420908199008264000','2014-06-24 16:31:01',0,'0','0',0,'2014-07-17 00:00:00',0,'0',NULL,NULL),('f5089c26681942668244efcdc20bb869','3','湖北省襄阳市追日路2号','06140714000','圆通速递',NULL,'老王',NULL,'18872573277',NULL,'eccbc87e4b5ce2fe28308fd9f2a7baf3','420606198410116012','2014-07-14 09:45:36',10,'0','0',1,'2014-07-16 00:00:00',0,'0',NULL,NULL),('f7e9dbbeb7944660a8f1bd0a19c057cd','8','young','06140716002','2231231',NULL,'的撒旦',NULL,'11111111111',NULL,'c4ca4238a0b923820dcc509a6f75849b','111111111111111111','2014-07-16 10:14:30',0,'0','0',0,'2014-07-16 00:00:00',0,'0',NULL,NULL);
/*!40000 ALTER TABLE `agent` ENABLE KEYS */;
UNLOCK TABLES;

--
-- Table structure for table `autologininfo`
--

DROP TABLE IF EXISTS `autologininfo`;
/*!40101 SET @saved_cs_client     = @@character_set_client */;
/*!40101 SET character_set_client = utf8 */;
CREATE TABLE `autologininfo` (
  `username` varchar(255) NOT NULL COMMENT '用户名',
  `sessionid` varchar(100) NOT NULL COMMENT '会话标识',
  `password` varchar(100) NOT NULL COMMENT '密码'
) ENGINE=InnoDB DEFAULT CHARSET=utf8 AVG_ROW_LENGTH=16384 COMMENT='自动登陆记录表';
/*!40101 SET character_set_client = @saved_cs_client */;

--
-- Dumping data for table `autologininfo`
--

LOCK TABLES `autologininfo` WRITE;
/*!40000 ALTER TABLE `autologininfo` DISABLE KEYS */;
/*!40000 ALTER TABLE `autologininfo` ENABLE KEYS */;
UNLOCK TABLES;

--
-- Table structure for table `car`
--

DROP TABLE IF EXISTS `car`;
/*!40101 SET @saved_cs_client     = @@character_set_client */;
/*!40101 SET character_set_client = utf8 */;
CREATE TABLE `car` (
  `id` varchar(128) COLLATE utf8_bin NOT NULL COMMENT '主键',
  `license` varchar(255) COLLATE utf8_bin DEFAULT NULL COMMENT '车牌号',
  `password` varchar(45) COLLATE utf8_bin DEFAULT NULL COMMENT '司机登陆密码',
  `carheight` double DEFAULT NULL COMMENT '车高',
  `carlength` double DEFAULT NULL COMMENT '车长',
  `carno` varchar(255) COLLATE utf8_bin DEFAULT NULL COMMENT '车编号',
  `carstatus` int(11) DEFAULT '0' COMMENT '车状态',
  `cartype` varchar(255) COLLATE utf8_bin DEFAULT NULL COMMENT '车型',
  `volume` double DEFAULT NULL COMMENT '容积',
  `carwidth` double DEFAULT NULL COMMENT '车宽',
  `company` varchar(255) COLLATE utf8_bin DEFAULT NULL COMMENT '所属公司',
  `currentlocation` varchar(255) COLLATE utf8_bin DEFAULT NULL COMMENT '当前坐标',
  `engineno` varchar(255) COLLATE utf8_bin DEFAULT NULL COMMENT '发动机号',
  `frameno` varchar(255) COLLATE utf8_bin DEFAULT NULL COMMENT '车架',
  `insuranceno` varchar(255) COLLATE utf8_bin DEFAULT NULL COMMENT '保险号',
  `leftload` double DEFAULT NULL COMMENT '剩余载重',
  `memo` varchar(255) COLLATE utf8_bin DEFAULT NULL COMMENT '说明/描述',
  `operationno` varchar(255) COLLATE utf8_bin DEFAULT NULL COMMENT '运营证书号',
  `targetcity` varchar(255) COLLATE utf8_bin DEFAULT NULL COMMENT '行车路线',
  `totalload` double DEFAULT NULL COMMENT '载重',
  `updatetime` datetime DEFAULT NULL COMMENT '发布运力时间',
  `verified` char(1) COLLATE utf8_bin DEFAULT '1' COMMENT '是否验证发布运力(0发布，1未发布)',
  `carcity` varchar(45) COLLATE utf8_bin DEFAULT NULL COMMENT '当前城市',
  `generatetime` timestamp NULL DEFAULT CURRENT_TIMESTAMP COMMENT '创建时间',
  `localcity` varchar(45) COLLATE utf8_bin DEFAULT NULL COMMENT '车归属地',
  `carcredit` double DEFAULT '0' COMMENT '积分/星级',
  `creditcount` int(11) DEFAULT '0' COMMENT '成交次数',
  `status` char(1) COLLATE utf8_bin DEFAULT '0' COMMENT '用户状态 默认值0,0：正常， 1禁止',
  `iscar` char(1) COLLATE utf8_bin DEFAULT '0' COMMENT '是否是系统车辆,默认是系统车辆',
  `photo` varchar(255) COLLATE utf8_bin DEFAULT NULL COMMENT '车辆照片',
  `agentid` varchar(128) COLLATE utf8_bin DEFAULT NULL COMMENT '货代公司的id',
  `maxload` double DEFAULT NULL COMMENT '车最大承载量',
  `padimei` varchar(20) COLLATE utf8_bin DEFAULT NULL COMMENT 'PAD IMEI码',
  `certificateno` varchar(20) COLLATE utf8_bin DEFAULT NULL COMMENT '行车证号码',
  `backload` double DEFAULT NULL COMMENT '返程剩余吨位',
  `leftvolume` double DEFAULT NULL COMMENT '剩余容积',
  `backvolume` double DEFAULT NULL COMMENT '返程容积',
  PRIMARY KEY (`id`)
) ENGINE=InnoDB DEFAULT CHARSET=utf8 COLLATE=utf8_bin AVG_ROW_LENGTH=442;
/*!40101 SET character_set_client = @saved_cs_client */;

--
-- Dumping data for table `car`
--

LOCK TABLES `car` WRITE;
/*!40000 ALTER TABLE `car` DISABLE KEYS */;
INSERT INTO `car` VALUES ('10ec51fc394d47d0ae720844d2668bec','鄂F9898918','e10adc3949ba59abbe56e057f20f883e',8,8,'02140717000002',1,'普通,半挂一拖二',8,8,'灵动灵动灵动灵动',NULL,'','','',8,NULL,'',NULL,8,NULL,'0',NULL,'2014-07-17 08:58:20',NULL,0,0,'0','0',NULL,'6f70a9a0d9d24f14ad87d00d7fd0d3b1',NULL,'','',8,8,8),('2441c2a24a144f1597d0ec9d00013bab','港A55555','e10adc3949ba59abbe56e057f20f883e',NULL,22,'02140715000004',0,'普通,半挂一拖二',NULL,NULL,'','32.081432,112.138144','','','',22,NULL,'',NULL,22,'2014-07-16 17:02:59','1',NULL,'2014-07-15 08:34:50','襄阳',120,6,'0','0',NULL,NULL,NULL,NULL,NULL,NULL,NULL,NULL),('3cd89855681d43c5a3c6b4ce6536a651','鄂F89989','c4ca4238a0b923820dcc509a6f75849b',NULL,8,'02140715000000',0,'普通,半挂一拖二',NULL,NULL,'','32.081447,112.138149','','','',0,NULL,'','北京,上海',21,'2014-07-15 11:41:18','0','襄阳','2014-07-15 02:54:19','襄阳',0,0,'0','0',NULL,NULL,NULL,NULL,NULL,NULL,NULL,NULL),('47f2916573b94a75b6665299449940c5','鄂F89000','c4ca4238a0b923820dcc509a6f75849b',21,11,'02140715000000',0,'普通,半挂一拖二',22,3,'w',NULL,'2','1111111111','wq',NULL,NULL,'22222',NULL,12,NULL,'1',NULL,'2014-07-15 03:01:15',NULL,0,0,'0','0',NULL,NULL,NULL,NULL,NULL,NULL,NULL,NULL),('62c2a22b822549af8aef1cb86f154513','沪A55555','e10adc3949ba59abbe56e057f20f883e',NULL,20,'02140715000000',0,'普通,半挂一拖二',NULL,NULL,'young','32.081436,112.138063','','','',0,NULL,'','郑州',22,'2014-07-15 12:02:44','0','瀍河回族区','2014-07-15 02:20:35','襄阳',0,0,'0','0',NULL,NULL,NULL,NULL,NULL,NULL,NULL,NULL),('710d6634c6e8443da596f8440df66751','鄂F123456','e10adc3949ba59abbe56e057f20f883e',7,0,'02140716000000',1,'普通,半挂一拖二',7,7,'骆驼物流 ',NULL,'','','7',10,NULL,'',NULL,10,NULL,'0',NULL,'2014-07-16 13:41:06',NULL,0,0,'0','0',NULL,'6f70a9a0d9d24f14ad87d00d7fd0d3b1',19,NULL,'',10,7,7),('88342c72876442c092a1db55bdec9cb3','鄂F12345','c4ca4238a0b923820dcc509a6f75849b',NULL,8,'02140715000003',2,'普通,半挂一拖二',NULL,NULL,'','32.081637,112.138219','','','',30,NULL,'',NULL,30,'2014-07-16 10:16:58','1',NULL,'2014-07-15 03:59:10','襄阳',20,1,'0','0',NULL,NULL,NULL,NULL,NULL,NULL,NULL,NULL),('97e6ea1f82cf47a3a116ecff09b1780a','海A55555','e10adc3949ba59abbe56e057f20f883e',NULL,44,'02140715000000',0,'自卸,半挂一拖二',NULL,NULL,'',NULL,'','','',NULL,NULL,'',NULL,55,NULL,'1',NULL,'2014-07-15 06:25:00',NULL,0,0,'0','0','/upload/car/1405405500009.png',NULL,NULL,NULL,NULL,NULL,NULL,NULL),('9b1099c208cb41139296ddc7754d8a32','鄂A55555','e10adc3949ba59abbe56e057f20f883e',NULL,50,'02140714000000',0,'平板,半挂一拖三',NULL,NULL,'','32.082038,112.138159','','','',8,NULL,'','武汉',30,'2014-07-14 19:16:26','0','北京','2014-07-14 09:43:47','襄阳',0,0,'0','0',NULL,NULL,NULL,NULL,NULL,NULL,NULL,NULL),('a28db695e0984b108302d358a61a7c31','鄂G23233','c4ca4238a0b923820dcc509a6f75849b',NULL,4,'02140715000000',0,'普通,半挂一拖二',NULL,NULL,'','32.081631,112.138108','','','',0,NULL,'','东乌珠穆沁旗',18,'2014-07-15 12:00:56','0','漠河县','2014-07-15 03:57:02','襄阳',0,0,'0','0',NULL,NULL,NULL,NULL,NULL,NULL,NULL,NULL),('a462cbe123884d508248003e4d31a1e9','鄂F54321','e10adc3949ba59abbe56e057f20f883e',NULL,40,'02140717000000',0,'普通,半挂一拖二',NULL,NULL,'youngguhibbhijfgyyfcgvhhguvybuvyuvyuvuyvuvvu','32.081652,112.138218','','','',89,NULL,'','随州,武汉',99,'2014-07-18 16:46:04','0','南阳','2014-07-17 03:50:17','襄阳',20,1,'0','0','/upload/car/1405569017203.png',NULL,NULL,NULL,NULL,NULL,NULL,NULL),('af87d868e0114fc6ac78c43ac5d46f51','鄂F35122','c4ca4238a0b923820dcc509a6f75849b',NULL,22,'02140717000001',0,'高低平板,半挂一拖二',NULL,NULL,'','32.081573,112.138216','','','',0,NULL,'','衡阳',21,'2014-07-17 14:14:22','0','襄阳','2014-07-17 06:11:57','襄阳',0,0,'0','0',NULL,NULL,NULL,'',NULL,NULL,NULL,NULL),('cac1a18bae0144149c0e6cb4d26bae89','鄂F93312','c4ca4238a0b923820dcc509a6f75849b',NULL,2,'02140715000002',0,'普通,半挂一拖二',NULL,NULL,'',NULL,'','','',NULL,NULL,'',NULL,1,NULL,'1',NULL,'2014-07-15 03:35:59',NULL,0,0,'0','0',NULL,NULL,NULL,NULL,NULL,NULL,NULL,NULL),('da49b14529ef45cf91be5e6a896af77c','鄂A12121','c4ca4238a0b923820dcc509a6f75849b',NULL,4,'02140715000000',0,'普通,半挂一拖二',NULL,NULL,'','32.081642,112.138218','','','',0,NULL,'','重庆',21,'2014-07-18 18:15:52','0','北京','2014-07-15 03:43:13','襄阳',0,0,'0','0','/upload/car/1405569017203.png',NULL,NULL,NULL,NULL,NULL,NULL,NULL),('f13027eb8baf43d595f30b8e74e23e07','鄂F99999','e10adc3949ba59abbe56e057f20f883e',NULL,3,'02140715000001',0,'普通,半挂一拖二',NULL,3,'','32.081682,112.138218','','','',0,NULL,'','曹妃甸区,潜江,吕梁,潜江,天门',1,'2014-07-17 11:30:16','0','北京','2014-07-15 03:32:35','襄阳',20,1,'0','0',NULL,NULL,NULL,NULL,NULL,NULL,NULL,NULL),('f98e9abbdf484048910175c77b920c56','鄂F88888','c4ca4238a0b923820dcc509a6f75849b',NULL,20,'02140714000000',0,'普通,半挂一拖二',NULL,NULL,'','32.081495,112.13834','','','',0,NULL,'','北京',20,'2014-07-16 18:20:26','0','襄阳','2014-07-14 11:33:37','襄阳',20,1,'0','0',NULL,NULL,NULL,NULL,NULL,NULL,NULL,NULL);
/*!40000 ALTER TABLE `car` ENABLE KEYS */;
UNLOCK TABLES;

--
-- Table structure for table `cardemo`
--

DROP TABLE IF EXISTS `cardemo`;
/*!40101 SET @saved_cs_client     = @@character_set_client */;
/*!40101 SET character_set_client = utf8 */;
CREATE TABLE `cardemo` (
  `id` varchar(128) COLLATE utf8_bin DEFAULT NULL COMMENT '货代找车源临时表的主键',
  `currentlocation` varchar(255) COLLATE utf8_bin DEFAULT NULL COMMENT '当前坐标',
  `status` char(1) COLLATE utf8_bin DEFAULT '0' COMMENT '用户状态 默认值0,0：正常， 1禁止',
  `carcredit` double DEFAULT '0' COMMENT '积分/星级',
  `creditcount` int(11) DEFAULT '0' COMMENT '成交次数',
  `carcity` varchar(45) COLLATE utf8_bin DEFAULT NULL COMMENT '当前城市',
  `carno` varchar(255) COLLATE utf8_bin DEFAULT NULL COMMENT '车编号',
  `carstatus` int(11) DEFAULT '0' COMMENT '车状态',
  `leftload` double DEFAULT NULL COMMENT '剩余载重',
  `license` varchar(255) COLLATE utf8_bin DEFAULT NULL COMMENT '车牌号',
  `targetcity` varchar(255) COLLATE utf8_bin DEFAULT NULL COMMENT '行车路线',
  `cartype` varchar(255) COLLATE utf8_bin DEFAULT NULL COMMENT '车型',
  `carlength` double DEFAULT NULL COMMENT '车长',
  `company` varchar(255) COLLATE utf8_bin DEFAULT NULL COMMENT '所属公司',
  `totalload` double DEFAULT NULL COMMENT '载重',
  `memo` varchar(255) COLLATE utf8_bin DEFAULT NULL COMMENT '说明/描述',
  `updatetime` datetime DEFAULT NULL COMMENT '发布运力时间',
  `name` varchar(255) COLLATE utf8_bin DEFAULT NULL COMMENT '姓名',
  `tel` varchar(255) COLLATE utf8_bin DEFAULT NULL COMMENT '电话',
  `agentid` varchar(128) COLLATE utf8_bin DEFAULT NULL COMMENT '货代id',
  `localcity` varchar(45) COLLATE utf8_bin DEFAULT NULL COMMENT '车归属地'
) ENGINE=InnoDB DEFAULT CHARSET=utf8 COLLATE=utf8_bin AVG_ROW_LENGTH=712;
/*!40101 SET character_set_client = @saved_cs_client */;

--
-- Dumping data for table `cardemo`
--

LOCK TABLES `cardemo` WRITE;
/*!40000 ALTER TABLE `cardemo` DISABLE KEYS */;
INSERT INTO `cardemo` VALUES ('3cd89855681d43c5a3c6b4ce6536a651','32.081447,112.138149','0',0,0,'襄阳','02140715000000',0,0,'鄂F89989','北京,上海','普通,半挂一拖二',8,'',21,NULL,'2014-07-15 11:41:18','萨奇','13898765453','a30fe0f1ad5f4e7aaa296452d061c158','襄阳'),('88342c72876442c092a1db55bdec9cb3','32.081509,112.138177','0',20,1,'襄阳','02140715000003',2,3,'鄂F12345','眉山,成都','普通,半挂一拖二',8,'',3,NULL,'2014-07-16 10:16:58','刘刘','13507287089','a30fe0f1ad5f4e7aaa296452d061c158','襄阳'),('f98e9abbdf484048910175c77b920c56','32.081799,112.138449','0',20,1,'襄阳','02140714000000',0,0,'鄂F88888','北京','普通,半挂一拖二',20,'',20,NULL,'2014-07-16 18:20:26','王茜','15198789873','a30fe0f1ad5f4e7aaa296452d061c158','襄阳'),('f13027eb8baf43d595f30b8e74e23e07','32.081689,112.13828','0',20,1,'襄阳','02140715000001',0,0,'鄂F99999','广州','普通,半挂一拖二',3,'',1,NULL,'2014-07-16 18:18:38','王阿四','18872573299','a30fe0f1ad5f4e7aaa296452d061c158','襄阳'),('88342c72876442c092a1db55bdec9cb3','32.081509,112.138177','0',20,1,'襄阳','02140715000003',2,3,'鄂F12345','眉山,成都','普通,半挂一拖二',8,'',3,NULL,'2014-07-16 10:16:58','陈传','13177210787','a30fe0f1ad5f4e7aaa296452d061c158','襄阳'),('9b1099c208cb41139296ddc7754d8a32','32.082038,112.138159','0',0,0,'北京','02140714000000',0,8,'鄂A55555','武汉','平板,半挂一拖三',50,'',30,NULL,'2014-07-14 19:16:26','王二小','18872573233','6203a64124174f9e9c6c1adbef7e75a0','襄阳'),('da49b14529ef45cf91be5e6a896af77c','32.081404,112.138181','0',0,0,'武汉','02140715000000',0,0,'鄂A12121','南阳','普通,半挂一拖二',4,'',21,NULL,'2014-07-15 11:59:28','大庆','18978954321','6203a64124174f9e9c6c1adbef7e75a0','襄阳'),('a28db695e0984b108302d358a61a7c31','32.081631,112.138108','0',0,0,'漠河县','02140715000000',0,0,'鄂G23233','东乌珠穆沁旗','普通,半挂一拖二',4,'',18,NULL,'2014-07-15 12:00:56','德旺','13123456789','6203a64124174f9e9c6c1adbef7e75a0','襄阳'),('3cd89855681d43c5a3c6b4ce6536a651','32.081447,112.138149','0',0,0,'襄阳','02140715000000',0,0,'鄂F89989','北京,上海','普通,半挂一拖二',8,'',21,NULL,'2014-07-15 11:41:18','萨奇','13898765453','6203a64124174f9e9c6c1adbef7e75a0','襄阳'),('62c2a22b822549af8aef1cb86f154513','32.081436,112.138063','0',0,0,'瀍河回族区','02140715000000',0,0,'沪A55555','郑州','普通,半挂一拖二',20,'young',22,NULL,'2014-07-15 12:02:44','李双江','18866666666','6203a64124174f9e9c6c1adbef7e75a0','襄阳'),('88342c72876442c092a1db55bdec9cb3','32.08151,112.138367','0',20,1,'襄阳','02140715000003',2,3,'鄂F12345','眉山,成都','普通,半挂一拖二',8,'',3,NULL,'2014-07-16 10:16:58','刘刘','13507287089','6203a64124174f9e9c6c1adbef7e75a0','襄阳'),('f98e9abbdf484048910175c77b920c56','32.081799,112.138449','0',20,1,'襄阳','02140714000000',0,0,'鄂F88888','北京','普通,半挂一拖二',20,'',20,NULL,'2014-07-16 18:20:26','王茜','15198789873','6203a64124174f9e9c6c1adbef7e75a0','襄阳'),('f13027eb8baf43d595f30b8e74e23e07','32.081676,112.138229','0',20,1,'襄阳','02140715000001',0,0,'鄂F99999','广州','普通,半挂一拖二',3,'',1,NULL,'2014-07-16 18:18:38','王阿四','18872573299','6203a64124174f9e9c6c1adbef7e75a0','襄阳'),('88342c72876442c092a1db55bdec9cb3','32.08151,112.138367','0',20,1,'襄阳','02140715000003',2,3,'鄂F12345','眉山,成都','普通,半挂一拖二',8,'',3,NULL,'2014-07-16 10:16:58','陈传','13177210787','6203a64124174f9e9c6c1adbef7e75a0','襄阳'),('a462cbe123884d508248003e4d31a1e9','32.08179,112.138456','0',20,1,'南阳','02140717000000',0,89,'鄂F54321','武汉,成都,武汉','普通,半挂一拖二',40,'youngguhibbhijfgyyfcgvhhguvybuvyuvyuvuyvuvvu',99,NULL,'2014-07-17 20:14:55','李弘基','18877889999','8d68653a056c4559bc5627931090d5a3','襄阳'),('9b1099c208cb41139296ddc7754d8a32','32.082038,112.138159','0',0,0,'北京','02140714000000',0,8,'鄂A55555','武汉','平板,半挂一拖三',50,'',30,NULL,'2014-07-14 19:16:26','王二小','18872573233','8d68653a056c4559bc5627931090d5a3','襄阳'),('da49b14529ef45cf91be5e6a896af77c','32.081732,112.138347','0',0,0,'武汉','02140715000000',0,0,'鄂A12121','南阳','普通,半挂一拖二',4,'',21,NULL,'2014-07-15 11:59:28','大庆','18978954321','8d68653a056c4559bc5627931090d5a3','襄阳'),('a28db695e0984b108302d358a61a7c31','32.081631,112.138108','0',0,0,'漠河县','02140715000000',0,0,'鄂G23233','东乌珠穆沁旗','普通,半挂一拖二',4,'',18,NULL,'2014-07-15 12:00:56','德旺','13123456789','8d68653a056c4559bc5627931090d5a3','襄阳'),('3cd89855681d43c5a3c6b4ce6536a651','32.081447,112.138149','0',0,0,'襄阳','02140715000000',0,0,'鄂F89989','北京,上海','普通,半挂一拖二',8,'',21,NULL,'2014-07-15 11:41:18','萨奇','13898765453','8d68653a056c4559bc5627931090d5a3','襄阳'),('62c2a22b822549af8aef1cb86f154513','32.081436,112.138063','0',0,0,'瀍河回族区','02140715000000',0,0,'沪A55555','郑州','普通,半挂一拖二',20,'young',22,NULL,'2014-07-15 12:02:44','李双江','18866666666','8d68653a056c4559bc5627931090d5a3','襄阳'),('f98e9abbdf484048910175c77b920c56','32.081495,112.13834','0',20,1,'襄阳','02140714000000',0,0,'鄂F88888','北京','普通,半挂一拖二',20,'',20,NULL,'2014-07-16 18:20:26','王茜','15198789873','8d68653a056c4559bc5627931090d5a3','襄阳'),('af87d868e0114fc6ac78c43ac5d46f51','32.081448,112.138377','0',0,0,'襄阳','02140717000001',0,0,'鄂F35122','衡阳','高低平板,半挂一拖二',22,'',21,NULL,'2014-07-17 14:14:22','妲鸠','13154323432','8d68653a056c4559bc5627931090d5a3','襄阳'),('f13027eb8baf43d595f30b8e74e23e07','32.081546,112.138144','0',20,1,'北京','02140715000001',0,0,'鄂F99999','曹妃甸区,潜江,吕梁,潜江,天门','普通,半挂一拖二',3,'',1,NULL,'2014-07-17 11:30:16','王阿四','18872573299','8d68653a056c4559bc5627931090d5a3','襄阳'),('3cd89855681d43c5a3c6b4ce6536a651','32.081447,112.138149','0',0,0,'襄阳','02140715000000',0,0,'鄂F89989','北京,上海','普通,半挂一拖二',8,'',21,NULL,'2014-07-15 11:41:18','萨奇','13898765453','d285bb154fc6429d91285629997b17a6','襄阳'),('f98e9abbdf484048910175c77b920c56','32.081495,112.13834','0',20,1,'襄阳','02140714000000',0,0,'鄂F88888','北京','普通,半挂一拖二',20,'',20,NULL,'2014-07-16 18:20:26','王茜','15198789873','d285bb154fc6429d91285629997b17a6','襄阳'),('af87d868e0114fc6ac78c43ac5d46f51','32.081695,112.138233','0',0,0,'襄阳','02140717000001',0,0,'鄂F35122','衡阳','高低平板,半挂一拖二',22,'',21,NULL,'2014-07-17 14:14:22','妲鸠','13154323432','d285bb154fc6429d91285629997b17a6','襄阳'),('a462cbe123884d508248003e4d31a1e9','32.081735,112.138211','0',20,1,'南阳','02140717000000',0,89,'鄂F54321','随州,武汉','普通,半挂一拖二',40,'youngguhibbhijfgyyfcgvhhguvybuvyuvyuvuyvuvvu',99,NULL,'2014-07-18 16:46:04','李弘基','18877889999','234587a9c35f4105911457e8a9243171','襄阳'),('9b1099c208cb41139296ddc7754d8a32','32.082038,112.138159','0',0,0,'北京','02140714000000',0,8,'鄂A55555','武汉','平板,半挂一拖三',50,'',30,NULL,'2014-07-14 19:16:26','王二小','18872573233','234587a9c35f4105911457e8a9243171','襄阳'),('da49b14529ef45cf91be5e6a896af77c','32.08163,112.138226','0',0,0,'北京','02140715000000',0,0,'鄂A12121','重庆','普通,半挂一拖二',4,'',21,NULL,'2014-07-18 18:15:52','大庆','18978954321','234587a9c35f4105911457e8a9243171','襄阳'),('a28db695e0984b108302d358a61a7c31','32.081631,112.138108','0',0,0,'漠河县','02140715000000',0,0,'鄂G23233','东乌珠穆沁旗','普通,半挂一拖二',4,'',18,NULL,'2014-07-15 12:00:56','德旺','13123456789','234587a9c35f4105911457e8a9243171','襄阳'),('3cd89855681d43c5a3c6b4ce6536a651','32.081447,112.138149','0',0,0,'襄阳','02140715000000',0,0,'鄂F89989','北京,上海','普通,半挂一拖二',8,'',21,NULL,'2014-07-15 11:41:18','萨奇','13898765453','234587a9c35f4105911457e8a9243171','襄阳'),('62c2a22b822549af8aef1cb86f154513','32.081436,112.138063','0',0,0,'瀍河回族区','02140715000000',0,0,'沪A55555','郑州','普通,半挂一拖二',20,'young',22,NULL,'2014-07-15 12:02:44','李双江','18866666666','234587a9c35f4105911457e8a9243171','襄阳'),('f98e9abbdf484048910175c77b920c56','32.081495,112.13834','0',20,1,'襄阳','02140714000000',0,0,'鄂F88888','北京','普通,半挂一拖二',20,'',20,NULL,'2014-07-16 18:20:26','王茜','15198789873','234587a9c35f4105911457e8a9243171','襄阳'),('af87d868e0114fc6ac78c43ac5d46f51','32.081649,112.138223','0',0,0,'襄阳','02140717000001',0,0,'鄂F35122','衡阳','高低平板,半挂一拖二',22,'',21,NULL,'2014-07-17 14:14:22','妲鸠','13154323432','234587a9c35f4105911457e8a9243171','襄阳'),('f13027eb8baf43d595f30b8e74e23e07','32.081682,112.138218','0',20,1,'北京','02140715000001',0,0,'鄂F99999','曹妃甸区,潜江,吕梁,潜江,天门','普通,半挂一拖二',3,'',1,NULL,'2014-07-17 11:30:16','王阿四','18872573299','234587a9c35f4105911457e8a9243171','襄阳');
/*!40000 ALTER TABLE `cardemo` ENABLE KEYS */;
UNLOCK TABLES;

--
-- Table structure for table `cardemoweb`
--

DROP TABLE IF EXISTS `cardemoweb`;
/*!40101 SET @saved_cs_client     = @@character_set_client */;
/*!40101 SET character_set_client = utf8 */;
CREATE TABLE `cardemoweb` (
  `id` varchar(128) COLLATE utf8_bin DEFAULT NULL COMMENT '货代找车源临时表的主键',
  `currentlocation` varchar(255) COLLATE utf8_bin DEFAULT NULL COMMENT '当前坐标',
  `STATUS` char(1) COLLATE utf8_bin DEFAULT '0' COMMENT '用户状态 默认值0,0：正常， 1禁止',
  `carcredit` double DEFAULT '0' COMMENT '积分/星级',
  `creditcount` int(11) DEFAULT '0' COMMENT '成交次数',
  `carcity` varchar(45) COLLATE utf8_bin DEFAULT NULL COMMENT '当前城市',
  `carno` varchar(255) COLLATE utf8_bin DEFAULT NULL COMMENT '车编号',
  `carstatus` int(11) DEFAULT '0' COMMENT '车状态',
  `leftload` double DEFAULT NULL COMMENT '剩余载重',
  `license` varchar(255) COLLATE utf8_bin DEFAULT NULL COMMENT '车牌号',
  `targetcity` varchar(255) COLLATE utf8_bin DEFAULT NULL COMMENT '行车路线',
  `cartype` varchar(255) COLLATE utf8_bin DEFAULT NULL COMMENT '车型',
  `carlength` double DEFAULT NULL COMMENT '车长',
  `company` varchar(255) COLLATE utf8_bin DEFAULT NULL COMMENT '所属公司',
  `totalload` double DEFAULT NULL COMMENT '载重',
  `memo` varchar(255) COLLATE utf8_bin DEFAULT NULL COMMENT '说明/描述',
  `generatetime` timestamp NULL DEFAULT NULL COMMENT '创建时间',
  `NAME` varchar(255) COLLATE utf8_bin DEFAULT NULL COMMENT '姓名',
  `tel` varchar(255) COLLATE utf8_bin DEFAULT NULL COMMENT '电话',
  `agentid` varchar(128) COLLATE utf8_bin DEFAULT NULL COMMENT '货代id',
  `localcity` varchar(45) COLLATE utf8_bin DEFAULT NULL COMMENT '车归属地',
  `dstatus` varchar(4) COLLATE utf8_bin DEFAULT NULL COMMENT '司机是否验证 默认值0, 0验证 1未验证',
  `photo` varchar(255) COLLATE utf8_bin DEFAULT NULL COMMENT '照片',
  `updatetime` datetime DEFAULT NULL COMMENT '发布运力时间',
  `mtype` char(1) COLLATE utf8_bin DEFAULT NULL COMMENT '0新增车队,1收藏车队,2公共车源'
) ENGINE=InnoDB DEFAULT CHARSET=utf8 COLLATE=utf8_bin AVG_ROW_LENGTH=521;
/*!40101 SET character_set_client = @saved_cs_client */;

--
-- Dumping data for table `cardemoweb`
--

LOCK TABLES `cardemoweb` WRITE;
/*!40000 ALTER TABLE `cardemoweb` DISABLE KEYS */;
INSERT INTO `cardemoweb` VALUES ('9b1099c208cb41139296ddc7754d8a32','32.081653,112.138247','0',0,0,'北京','02140714000000',0,8,'鄂A55555','武汉','平板,半挂一拖三',50,'',30,NULL,'2014-07-14 12:22:06','王二小','18872573233','f5089c26681942668244efcdc20bb869','襄阳','0',NULL,'2014-07-14 19:16:26','1'),('9b1099c208cb41139296ddc7754d8a32','32.081653,112.138247','0',0,0,'北京','02140714000000',0,8,'鄂A55555','武汉','平板,半挂一拖三',50,'',30,NULL,'2014-07-14 12:22:06','王阿四','18872573299','f5089c26681942668244efcdc20bb869','襄阳','0',NULL,'2014-07-14 19:16:26','1'),('f98e9abbdf484048910175c77b920c56','32.081717,112.138246','0',0,0,'襄阳','02140714000000',0,0,'鄂F88888','北京','普通,半挂一拖二',20,'',20,NULL,'2014-07-14 11:33:37','王茜','15198789873','f5089c26681942668244efcdc20bb869','襄阳','0',NULL,'2014-07-14 19:35:26','2'),('a28db695e0984b108302d358a61a7c31','32.081631,112.138108','0',0,0,'漠河县','02140715000000',0,0,'鄂G23233','东乌珠穆沁旗','普通,半挂一拖二',4,'',18,NULL,'2014-07-15 08:31:48','德旺','13123456789','8d68653a056c4559bc5627931090d5a3','襄阳','0',NULL,'2014-07-15 12:00:56','1'),('62c2a22b822549af8aef1cb86f154513','32.081436,112.138063','0',0,0,'瀍河回族区','02140715000000',0,0,'沪A55555','郑州','普通,半挂一拖二',20,'young',22,NULL,'2014-07-15 06:11:31','李双江','18866666666','8d68653a056c4559bc5627931090d5a3','襄阳','0',NULL,'2014-07-15 12:02:44','1'),('f13027eb8baf43d595f30b8e74e23e07','32.081319,112.138262','0',0,0,'宜城市','02140715000001',0,0,'鄂F99999','麻章区','普通,半挂一拖二',3,'',1,NULL,'2014-07-15 08:31:43','王阿四','18872573299','8d68653a056c4559bc5627931090d5a3','襄阳','0',NULL,'2014-07-15 16:21:01','1'),('9b1099c208cb41139296ddc7754d8a32','32.082038,112.138159','0',0,0,'北京','02140714000000',0,8,'鄂A55555','武汉','平板,半挂一拖三',50,'',30,NULL,'2014-07-14 09:43:47','王二小','18872573233','8d68653a056c4559bc5627931090d5a3','襄阳','0',NULL,'2014-07-14 19:16:26','2'),('da49b14529ef45cf91be5e6a896af77c','32.081404,112.138181','0',0,0,'武汉','02140715000000',0,0,'鄂A12121','南阳','普通,半挂一拖二',4,'',21,NULL,'2014-07-15 03:43:13','大庆','18978954321','8d68653a056c4559bc5627931090d5a3','襄阳','0',NULL,'2014-07-15 11:59:28','2'),('3cd89855681d43c5a3c6b4ce6536a651','32.081447,112.138149','0',0,0,'襄阳','02140715000000',0,0,'鄂F89989','北京,上海','普通,半挂一拖二',8,'',21,NULL,'2014-07-15 02:54:19','萨奇','13898765453','8d68653a056c4559bc5627931090d5a3','襄阳','0',NULL,'2014-07-15 11:41:18','2'),('f98e9abbdf484048910175c77b920c56','32.081379,112.138162','0',20,1,'北京','02140714000000',0,0,'鄂F88888','襄阳','普通,半挂一拖二',20,'',20,NULL,'2014-07-14 11:33:37','王茜','15198789873','8d68653a056c4559bc5627931090d5a3','襄阳','0',NULL,'2014-07-15 10:22:18','2'),('9b1099c208cb41139296ddc7754d8a32','32.082038,112.138159','0',0,0,'北京','02140714000000',0,8,'鄂A55555','武汉','平板,半挂一拖三',50,'',30,NULL,'2014-07-14 09:43:47','王二小','18872573233','21ccd29c6d504d67809b8003f58ac9d2','襄阳','0',NULL,'2014-07-14 19:16:26','2'),('da49b14529ef45cf91be5e6a896af77c','32.081404,112.138181','0',0,0,'武汉','02140715000000',0,0,'鄂A12121','南阳','普通,半挂一拖二',4,'',21,NULL,'2014-07-15 03:43:13','大庆','18978954321','21ccd29c6d504d67809b8003f58ac9d2','襄阳','0',NULL,'2014-07-15 11:59:28','2'),('a28db695e0984b108302d358a61a7c31','32.081631,112.138108','0',0,0,'漠河县','02140715000000',0,0,'鄂G23233','东乌珠穆沁旗','普通,半挂一拖二',4,'',18,NULL,'2014-07-15 03:57:02','德旺','13123456789','21ccd29c6d504d67809b8003f58ac9d2','襄阳','0',NULL,'2014-07-15 12:00:56','2'),('3cd89855681d43c5a3c6b4ce6536a651','32.081447,112.138149','0',0,0,'襄阳','02140715000000',0,0,'鄂F89989','北京,上海','普通,半挂一拖二',8,'',21,NULL,'2014-07-15 02:54:19','萨奇','13898765453','21ccd29c6d504d67809b8003f58ac9d2','襄阳','0',NULL,'2014-07-15 11:41:18','2'),('62c2a22b822549af8aef1cb86f154513','32.081436,112.138063','0',0,0,'瀍河回族区','02140715000000',0,0,'沪A55555','郑州','普通,半挂一拖二',20,'young',22,NULL,'2014-07-15 02:20:35','李双江','18866666666','21ccd29c6d504d67809b8003f58ac9d2','襄阳','0',NULL,'2014-07-15 12:02:44','2'),('f98e9abbdf484048910175c77b920c56','32.081396,112.138287','0',20,1,'北京','02140714000000',0,0,'鄂F88888','襄阳','普通,半挂一拖二',20,'',20,NULL,'2014-07-14 11:33:37','王茜','15198789873','21ccd29c6d504d67809b8003f58ac9d2','襄阳','0',NULL,'2014-07-15 10:22:18','2'),('f13027eb8baf43d595f30b8e74e23e07','32.081319,112.138262','0',0,0,'宜城市','02140715000001',0,0,'鄂F99999','麻章区','普通,半挂一拖二',3,'',1,NULL,'2014-07-15 03:32:35','王阿四','18872573299','21ccd29c6d504d67809b8003f58ac9d2','襄阳','0',NULL,'2014-07-15 16:21:01','2'),('88342c72876442c092a1db55bdec9cb3','32.081663,112.138232','0',20,1,'襄阳','02140715000003',0,3,'鄂F12345','眉山,成都','普通,半挂一拖二',8,'',3,NULL,'2014-07-15 03:59:10','陈传','13177210787','21ccd29c6d504d67809b8003f58ac9d2','襄阳','0',NULL,'2014-07-16 10:16:58','2'),('f98e9abbdf484048910175c77b920c56','32.081427,112.138305','0',20,1,'襄阳','02140714000000',0,0,'鄂F88888','北京','普通,半挂一拖二',20,'',20,NULL,'2014-07-16 11:42:49','王茜','15198789873','223941f06f3744c0bff116b4228ae968','襄阳','0',NULL,'2014-07-16 18:20:26','1'),('9b1099c208cb41139296ddc7754d8a32','32.082038,112.138159','0',0,0,'北京','02140714000000',0,8,'鄂A55555','武汉','平板,半挂一拖三',50,'',30,NULL,'2014-07-14 09:43:47','王二小','18872573233','223941f06f3744c0bff116b4228ae968','襄阳','0',NULL,'2014-07-14 19:16:26','2'),('da49b14529ef45cf91be5e6a896af77c','32.081404,112.138181','0',0,0,'武汉','02140715000000',0,0,'鄂A12121','南阳','普通,半挂一拖二',4,'',21,NULL,'2014-07-15 03:43:13','大庆','18978954321','223941f06f3744c0bff116b4228ae968','襄阳','0',NULL,'2014-07-15 11:59:28','2'),('a28db695e0984b108302d358a61a7c31','32.081631,112.138108','0',0,0,'漠河县','02140715000000',0,0,'鄂G23233','东乌珠穆沁旗','普通,半挂一拖二',4,'',18,NULL,'2014-07-15 03:57:02','德旺','13123456789','223941f06f3744c0bff116b4228ae968','襄阳','0',NULL,'2014-07-15 12:00:56','2'),('3cd89855681d43c5a3c6b4ce6536a651','32.081447,112.138149','0',0,0,'襄阳','02140715000000',0,0,'鄂F89989','北京,上海','普通,半挂一拖二',8,'',21,NULL,'2014-07-15 02:54:19','萨奇','13898765453','223941f06f3744c0bff116b4228ae968','襄阳','0',NULL,'2014-07-15 11:41:18','2'),('62c2a22b822549af8aef1cb86f154513','32.081436,112.138063','0',0,0,'瀍河回族区','02140715000000',0,0,'沪A55555','郑州','普通,半挂一拖二',20,'young',22,NULL,'2014-07-15 02:20:35','李双江','18866666666','223941f06f3744c0bff116b4228ae968','襄阳','0',NULL,'2014-07-15 12:02:44','2'),('88342c72876442c092a1db55bdec9cb3','32.081641,112.138153','0',20,1,'襄阳','02140715000003',2,3,'鄂F12345','眉山,成都','普通,半挂一拖二',8,'',3,NULL,'2014-07-15 03:59:10','刘刘','13507287089','223941f06f3744c0bff116b4228ae968','襄阳','0',NULL,'2014-07-16 10:16:58','2'),('f13027eb8baf43d595f30b8e74e23e07','32.081864,112.138409','0',20,1,'北京','02140715000001',0,0,'鄂F99999','曹妃甸区,潜江,吕梁,潜江,天门','普通,半挂一拖二',3,'',1,NULL,'2014-07-15 03:32:35','王阿四','18872573299','223941f06f3744c0bff116b4228ae968','襄阳','0','/upload/driver/1405568709934.png','2014-07-17 11:30:16','2'),('88342c72876442c092a1db55bdec9cb3','32.081641,112.138153','0',20,1,'襄阳','02140715000003',2,3,'鄂F12345','眉山,成都','普通,半挂一拖二',8,'',3,NULL,'2014-07-15 03:59:10','陈传','13177210787','223941f06f3744c0bff116b4228ae968','襄阳','0',NULL,'2014-07-16 10:16:58','2'),('3cd89855681d43c5a3c6b4ce6536a651','32.081447,112.138149','0',0,0,'襄阳','02140715000000',0,0,'鄂F89989','北京,上海','普通,半挂一拖二',8,'',21,NULL,'2014-07-15 02:54:19','萨奇','13898765453','d285bb154fc6429d91285629997b17a6','襄阳','0',NULL,'2014-07-15 11:41:18','2'),('88342c72876442c092a1db55bdec9cb3','32.081702,112.13818','0',20,1,'襄阳','02140715000003',2,3,'鄂F12345','眉山,成都','普通,半挂一拖二',8,'',3,NULL,'2014-07-15 03:59:10','刘刘','13507287089','d285bb154fc6429d91285629997b17a6','襄阳','0',NULL,'2014-07-16 10:16:58','2'),('f98e9abbdf484048910175c77b920c56','32.081427,112.138305','0',20,1,'襄阳','02140714000000',0,0,'鄂F88888','北京','普通,半挂一拖二',20,'',20,NULL,'2014-07-14 11:33:37','王茜','15198789873','d285bb154fc6429d91285629997b17a6','襄阳','0',NULL,'2014-07-16 18:20:26','2'),('88342c72876442c092a1db55bdec9cb3','32.081702,112.13818','0',20,1,'襄阳','02140715000003',2,3,'鄂F12345','眉山,成都','普通,半挂一拖二',8,'',3,NULL,'2014-07-15 03:59:10','陈传','13177210787','d285bb154fc6429d91285629997b17a6','襄阳','0',NULL,'2014-07-16 10:16:58','2'),('3cd89855681d43c5a3c6b4ce6536a651','32.081447,112.138149','0',0,0,'襄阳','02140715000000',0,0,'鄂F89989','北京,上海','普通,半挂一拖二',8,'',21,NULL,'2014-07-16 07:25:33','萨奇','13898765453','234587a9c35f4105911457e8a9243171','襄阳','0',NULL,'2014-07-15 11:41:18','1'),('f98e9abbdf484048910175c77b920c56','32.081495,112.13834','0',20,1,'襄阳','02140714000000',0,0,'鄂F88888','北京','普通,半挂一拖二',20,'',20,NULL,'2014-07-14 13:41:46','王茜','15198789873','234587a9c35f4105911457e8a9243171','襄阳','0',NULL,'2014-07-16 18:20:26','1'),('af87d868e0114fc6ac78c43ac5d46f51','32.081668,112.138229','0',0,0,'襄阳','02140717000001',0,0,'鄂F35122','衡阳','高低平板,半挂一拖二',22,'',21,NULL,'2014-07-17 06:11:57','妲鸠','13154323432','234587a9c35f4105911457e8a9243171','襄阳','0',NULL,'2014-07-17 14:14:22','2'),('3cd89855681d43c5a3c6b4ce6536a651','32.081447,112.138149','0',0,0,'襄阳','02140715000000',0,0,'鄂F89989','北京,上海','普通,半挂一拖二',8,'',21,NULL,'2014-07-15 02:54:19','萨奇','13898765453','6f70a9a0d9d24f14ad87d00d7fd0db1','襄阳','0',NULL,'2014-07-15 11:41:18','2'),('f98e9abbdf484048910175c77b920c56','32.081495,112.13834','0',20,1,'襄阳','02140714000000',0,0,'鄂F88888','北京','普通,半挂一拖二',20,'',20,NULL,'2014-07-14 11:33:37','王茜','15198789873','6f70a9a0d9d24f14ad87d00d7fd0db1','襄阳','0',NULL,'2014-07-16 18:20:26','2'),('af87d868e0114fc6ac78c43ac5d46f51','32.081595,112.138212','0',0,0,'襄阳','02140717000001',0,0,'鄂F35122','衡阳','高低平板,半挂一拖二',22,'',21,NULL,'2014-07-17 06:11:57','妲鸠','13154323432','6f70a9a0d9d24f14ad87d00d7fd0db1','襄阳','0',NULL,'2014-07-17 14:14:22','2'),('3cd89855681d43c5a3c6b4ce6536a651','32.081447,112.138149','0',0,0,'襄阳','02140715000000',0,0,'鄂F89989','北京,上海','普通,半挂一拖二',8,'',21,NULL,'2014-07-15 06:46:57','萨奇','13898765453','a30fe0f1ad5f4e7aaa296452d061c158','襄阳','0',NULL,'2014-07-15 11:41:18','1'),('f98e9abbdf484048910175c77b920c56','32.081495,112.13834','0',20,1,'襄阳','02140714000000',0,0,'鄂F88888','北京','普通,半挂一拖二',20,'',20,NULL,'2014-07-15 06:46:51','王茜','15198789873','a30fe0f1ad5f4e7aaa296452d061c158','襄阳','0',NULL,'2014-07-16 18:20:26','1'),('af87d868e0114fc6ac78c43ac5d46f51','32.081573,112.138216','0',0,0,'襄阳','02140717000001',0,0,'鄂F35122','衡阳','高低平板,半挂一拖二',22,'',21,NULL,'2014-07-17 06:11:57','妲鸠','13154323432','a30fe0f1ad5f4e7aaa296452d061c158','襄阳','0',NULL,'2014-07-17 14:14:22','2'),('3cd89855681d43c5a3c6b4ce6536a651','32.081447,112.138149','0',0,0,'襄阳','02140715000000',0,0,'鄂F89989','北京,上海','普通,半挂一拖二',8,'',21,NULL,'2014-07-15 02:54:19','萨奇','13898765453','6203a64124174f9e9c6c1adbef7e75a0','襄阳','0',NULL,'2014-07-15 11:41:18','2'),('f98e9abbdf484048910175c77b920c56','32.081495,112.13834','0',20,1,'襄阳','02140714000000',0,0,'鄂F88888','北京','普通,半挂一拖二',20,'',20,NULL,'2014-07-14 11:33:37','王茜','15198789873','6203a64124174f9e9c6c1adbef7e75a0','襄阳','0',NULL,'2014-07-16 18:20:26','2'),('af87d868e0114fc6ac78c43ac5d46f51','32.081573,112.138216','0',0,0,'襄阳','02140717000001',0,0,'鄂F35122','衡阳','高低平板,半挂一拖二',22,'',21,NULL,'2014-07-17 06:11:57','妲鸠','13154323432','6203a64124174f9e9c6c1adbef7e75a0','襄阳','0',NULL,'2014-07-17 14:14:22','2');
/*!40000 ALTER TABLE `cardemoweb` ENABLE KEYS */;
UNLOCK TABLES;

--
-- Table structure for table `carlocation`
--

DROP TABLE IF EXISTS `carlocation`;
/*!40101 SET @saved_cs_client     = @@character_set_client */;
/*!40101 SET character_set_client = utf8 */;
CREATE TABLE `carlocation` (
  `id` varchar(128) COLLATE utf8_bin NOT NULL,
  `generatetime` timestamp NULL DEFAULT CURRENT_TIMESTAMP,
  `location` varchar(255) COLLATE utf8_bin DEFAULT NULL,
  `carid` varchar(128) COLLATE utf8_bin DEFAULT NULL,
  `agentid` varchar(128) COLLATE utf8_bin DEFAULT NULL,
  `localcity` varchar(32) COLLATE utf8_bin DEFAULT NULL,
  `province` varchar(32) COLLATE utf8_bin DEFAULT NULL,
  `allorderid` varchar(2000) COLLATE utf8_bin DEFAULT NULL COMMENT '订单id',
  PRIMARY KEY (`id`),
  KEY `FK9C0E0B892C722BD1` (`agentid`),
  KEY `FK9C0E0B89394E8967` (`carid`),
  CONSTRAINT `FK9C0E0B892C722BD1` FOREIGN KEY (`agentid`) REFERENCES `agent` (`id`),
  CONSTRAINT `FK9C0E0B89394E8967` FOREIGN KEY (`carid`) REFERENCES `car` (`id`)
) ENGINE=InnoDB DEFAULT CHARSET=utf8 COLLATE=utf8_bin AVG_ROW_LENGTH=315;
/*!40101 SET character_set_client = @saved_cs_client */;

--
-- Dumping data for table `carlocation`
--

LOCK TABLES `carlocation` WRITE;
/*!40000 ALTER TABLE `carlocation` DISABLE KEYS */;
INSERT INTO `carlocation` VALUES ('19d5ea8b878749968cb4608e3b1e2c55','2014-07-14 11:35:07','32.081396,112.138097','f98e9abbdf484048910175c77b920c56',NULL,'襄阳','湖北省',''),('217de75f316c41639336ae289ed1282a','2014-07-17 09:17:52','39.930801,116.40521','da49b14529ef45cf91be5e6a896af77c',NULL,'北京','北京',''),('34c4440cf3b64fc1b5352f07d8ad7310','2014-07-14 11:15:46','32.080994,112.138031','9b1099c208cb41139296ddc7754d8a32',NULL,'襄阳','湖北省',''),('49e94b42d9c54a1580f38fc8005b5de9','2014-07-15 04:03:56','32.081573,112.138066','f13027eb8baf43d595f30b8e74e23e07',NULL,'襄阳','湖北省',''),('49ea00b936cb4584b272a49a064cb760','2014-07-15 04:02:26','32.081436,112.138063','62c2a22b822549af8aef1cb86f154513',NULL,'襄阳','湖北省',''),('4b9aac1bb94b4ae1b8d70061bbf005b8','2014-07-15 04:00:27','32.081631,112.138108','a28db695e0984b108302d358a61a7c31',NULL,'襄阳','湖北省',''),('61c878aeb9a74b80bbc2485bc461e658','2014-07-17 03:53:54','32.081551,112.138341','a462cbe123884d508248003e4d31a1e9',NULL,'襄阳','湖北省',''),('941b7f831cd34d9f947c071213dda76f','2014-07-17 06:13:27','32.081595,112.138276','af87d868e0114fc6ac78c43ac5d46f51',NULL,'襄阳','湖北省',''),('a28a8fa4744e486ebfe25c13823dc3a9','2014-07-15 03:38:32','32.081447,112.138149','3cd89855681d43c5a3c6b4ce6536a651',NULL,'襄阳','湖北省',''),('a4f4bd3264d6410f8cbae73e3ed2022f','2014-07-16 07:07:22','32.081675,112.138207','2441c2a24a144f1597d0ec9d00013bab',NULL,'襄阳','湖北省',''),('a8cb059f5c63426f93b3e286bb1dd1f9','2014-07-16 02:08:50','32.082211,112.138307','88342c72876442c092a1db55bdec9cb3',NULL,'襄阳','湖北省',''),('a9be48ff48f2479a85ab82c49985e0ff','2014-07-15 03:59:12','32.081404,112.138181','da49b14529ef45cf91be5e6a896af77c',NULL,'襄阳','湖北省',''),('af7bee4356c04583ac6b07cdb62449a8','2014-07-17 12:04:43','19.973349,110.279045','da49b14529ef45cf91be5e6a896af77c',NULL,'海口','海南','37f1c71150334a389c8535c3fcd141aa'),('bb9ca77974b8464a99ff641c4b4711c0','2014-07-17 12:11:49','32.081732,112.138347','da49b14529ef45cf91be5e6a896af77c',NULL,'襄阳','湖北省',''),('c1873f9f21164482862fff1ec21f8313','2014-07-17 12:06:10','40.663973,109.79393','da49b14529ef45cf91be5e6a896af77c',NULL,'包头','内蒙古',''),('e215130b2f6d4290b52482b298cda2c2','2014-07-17 09:41:50','32.081623,112.138405','da49b14529ef45cf91be5e6a896af77c',NULL,'襄阳','湖北省','');
/*!40000 ALTER TABLE `carlocation` ENABLE KEYS */;
UNLOCK TABLES;

--
-- Table structure for table `comment`
--

DROP TABLE IF EXISTS `comment`;
/*!40101 SET @saved_cs_client     = @@character_set_client */;
/*!40101 SET character_set_client = utf8 */;
CREATE TABLE `comment` (
  `id` varchar(128) COLLATE utf8_bin NOT NULL,
  `content` varchar(255) COLLATE utf8_bin DEFAULT NULL COMMENT '内容',
  `generatetime` timestamp NULL DEFAULT CURRENT_TIMESTAMP COMMENT '创建时间',
  `level` varchar(255) COLLATE utf8_bin DEFAULT NULL COMMENT '星级',
  `agentid` varchar(128) COLLATE utf8_bin DEFAULT NULL COMMENT '货代id',
  `carid` varchar(128) COLLATE utf8_bin DEFAULT NULL COMMENT '车id',
  `orderid` varchar(128) COLLATE utf8_bin DEFAULT NULL COMMENT '订单id',
  PRIMARY KEY (`id`),
  KEY `FK38A5EE5FA80B27AA` (`orderid`),
  KEY `FK38A5EE5FB9929F47` (`carid`),
  KEY `FK38A5EE5FBF742E89` (`agentid`)
) ENGINE=InnoDB DEFAULT CHARSET=utf8 COLLATE=utf8_bin AVG_ROW_LENGTH=780;
/*!40101 SET character_set_client = @saved_cs_client */;

--
-- Dumping data for table `comment`
--

LOCK TABLES `comment` WRITE;
/*!40000 ALTER TABLE `comment` DISABLE KEYS */;
INSERT INTO `comment` VALUES ('016282fc7e3d4365b9e2314c1d39ea34','','2014-07-16 08:11:25','5,5,5,5',NULL,'2441c2a24a144f1597d0ec9d00013bab','714e424b6cc54abc9bc2d16b03644af2'),('0f07e930aaab406aa7382fb27c5d0433','','2014-07-16 08:41:00','5.0,5.0','f5089c26681942668244efcdc20bb869',NULL,'ae4562bc48c04c0fbc57bd1f9f62a53e'),('196d49cee3a943c289ca4c9183e05cd3','','2014-07-14 13:41:39','5,5,5,5',NULL,'f98e9abbdf484048910175c77b920c56','ac612737bd704eceb174c7268d0dd16e'),('2dc945b7e6af4f6294fd5072b5b95d6b','','2014-07-16 08:02:56','5.0,5.0','6203a64124174f9e9c6c1adbef7e75a0',NULL,'293405df35604f41be4d147964535d80'),('412b742018b64318ba184191d7b7e0ba','','2014-07-17 07:00:13','5.0,5.0','d285bb154fc6429d91285629997b17a6',NULL,'8fedff79a017429eb7800209ea897b4c'),('5247c8f20bc0461eb226e9b910ef41ab','','2014-07-16 08:06:42','5,5,5,5',NULL,'2441c2a24a144f1597d0ec9d00013bab','d756cf2164674ecaa361b7616d2eb9ac'),('5f9592fbc03748d4bd2d84de298e9826','','2014-07-16 08:06:46','5.0,5.0','8d68653a056c4559bc5627931090d5a3',NULL,'d756cf2164674ecaa361b7616d2eb9ac'),('61269da7504740439fb03eabfe5d309f','','2014-07-16 10:03:47','5,5,5,5',NULL,'f13027eb8baf43d595f30b8e74e23e07','fb649218404b41d1925b451361ae2091'),('70dfcfe5645c455b929b9146b490e410','','2014-07-16 08:09:12','5.0,5.0','234587a9c35f4105911457e8a9243171',NULL,'f0c98e25c6754dc1bcf6ef0762b16fd2'),('840a003f6f334b46bde379683bc1a88f','OK','2014-07-16 07:35:53','5,5,5,5',NULL,'88342c72876442c092a1db55bdec9cb3','158ccc50a49d4e9da90fda516dea8518'),('845156af30df41efb004873cbdc5bb22','','2014-07-16 08:43:42','5.0,5.0','21ccd29c6d504d67809b8003f58ac9d2',NULL,'368dd8c5f640497ea039a03fca0fab74'),('8964c95f817744daa6975ef489ada608','Hao','2014-07-16 07:36:11','5.0,5.0','234587a9c35f4105911457e8a9243171',NULL,'158ccc50a49d4e9da90fda516dea8518'),('8d06ca624a524b3b933f819fa274b70c','','2014-07-16 08:43:52','5,5,5,5',NULL,'2441c2a24a144f1597d0ec9d00013bab','368dd8c5f640497ea039a03fca0fab74'),('8fbf4d2b06ef4cd595d4f70a9e570ca3','','2014-07-14 13:41:46','5.0,5.0','234587a9c35f4105911457e8a9243171',NULL,'ac612737bd704eceb174c7268d0dd16e'),('b3fecc9973db4246a4ca7f176c340850','','2014-07-16 08:41:02','5,5,5,5',NULL,'2441c2a24a144f1597d0ec9d00013bab','ae4562bc48c04c0fbc57bd1f9f62a53e'),('d8a1d8b131284b1d9e21d497dd927813','','2014-07-17 07:00:18','5,5,5,5',NULL,'a462cbe123884d508248003e4d31a1e9','8fedff79a017429eb7800209ea897b4c'),('e48324b0bc864c17bd8118f9ecde3218','','2014-07-16 08:03:01','5,5,5,5',NULL,'2441c2a24a144f1597d0ec9d00013bab','293405df35604f41be4d147964535d80'),('f1e26f7c7ca14e8c8181ed393cd2260b','','2014-07-16 08:09:25','5,5,5,5',NULL,'2441c2a24a144f1597d0ec9d00013bab','f0c98e25c6754dc1bcf6ef0762b16fd2'),('f448965181e344f78371041e9408416b','','2014-07-16 10:03:47','5.0,5.0','8d68653a056c4559bc5627931090d5a3',NULL,'fb649218404b41d1925b451361ae2091'),('fb92ee9ad7e049d685b4643683406914','','2014-07-16 08:11:29','5.0,5.0','a30fe0f1ad5f4e7aaa296452d061c158',NULL,'714e424b6cc54abc9bc2d16b03644af2');
/*!40000 ALTER TABLE `comment` ENABLE KEYS */;
UNLOCK TABLES;

--
-- Table structure for table `complaint`
--

DROP TABLE IF EXISTS `complaint`;
/*!40101 SET @saved_cs_client     = @@character_set_client */;
/*!40101 SET character_set_client = utf8 */;
CREATE TABLE `complaint` (
  `id` varchar(128) CHARACTER SET utf8 COLLATE utf8_bin NOT NULL COMMENT 'id',
  `generatetime` timestamp NULL DEFAULT CURRENT_TIMESTAMP COMMENT '创建时间',
  `authorid` varchar(255) CHARACTER SET utf8 COLLATE utf8_bin DEFAULT NULL COMMENT '投诉人id',
  `authorrole` char(1) CHARACTER SET utf8 COLLATE utf8_bin DEFAULT NULL COMMENT '投诉人角色 0货代，1司机，2物流企业',
  `complainter` varchar(255) CHARACTER SET utf8 COLLATE utf8_bin DEFAULT NULL COMMENT '投诉对象',
  `complainttype` varchar(255) CHARACTER SET utf8 COLLATE utf8_bin DEFAULT NULL COMMENT '投诉原因',
  `status` char(1) CHARACTER SET utf8 COLLATE utf8_bin DEFAULT '0' COMMENT '处理状态: 0未处理，1处理中，2已处理，3已撤销',
  `isdeleted` char(1) CHARACTER SET utf8 COLLATE utf8_bin DEFAULT '0' COMMENT '是否删除：0否，1是',
  `content` varchar(255) CHARACTER SET utf8 COLLATE utf8_bin DEFAULT NULL COMMENT '投诉内容',
  `pic` varchar(1024) CHARACTER SET utf8 COLLATE utf8_bin DEFAULT NULL COMMENT '图片',
  `orderid` varchar(255) CHARACTER SET utf8 COLLATE utf8_bin DEFAULT NULL COMMENT '订单编号',
  `handler` varchar(255) CHARACTER SET utf8 COLLATE utf8_bin DEFAULT NULL COMMENT '处理人',
  `result` varchar(255) CHARACTER SET utf8 COLLATE utf8_bin DEFAULT NULL COMMENT '处理结果',
  `handingdate` datetime DEFAULT NULL COMMENT '处理完成时间',
  `complaintno` char(125) CHARACTER SET utf8 COLLATE utf8_bin DEFAULT NULL COMMENT '投诉编号',
  PRIMARY KEY (`id`)
) ENGINE=InnoDB DEFAULT CHARSET=utf8;
/*!40101 SET character_set_client = @saved_cs_client */;

--
-- Dumping data for table `complaint`
--

LOCK TABLES `complaint` WRITE;
/*!40000 ALTER TABLE `complaint` DISABLE KEYS */;
INSERT INTO `complaint` VALUES ('09140716000001','2014-07-16 09:54:09','f98e9abbdf484048910175c77b920c56','1',NULL,'发布虚假信息','0','0','gggjcjgh','/upload/complaint/1405504448900_tmp_avatar_1405504418921.jpg','04140716000011',NULL,NULL,NULL,'09140716000000'),('09140717000001','2014-07-17 08:16:00','af87d868e0114fc6ac78c43ac5d46f51','1',NULL,'身份造假','0','0','ffgfgcty发给他关系幸福广场唱歌闲工夫炒粉干习惯习惯刚刚好好好干活唱唱歌出发关系想法更好吃公共场合好吃哈哈滚滚红尘换个称呼v姐姐会v就哈v韩剧经济好v哈哈v哈哈哈v观察观察超好吃几句话v韩剧就成功后查干湖几句话v就几哈v句好v好v观察观察化工厂拒绝加哈哈急促u有吃刚吃好管吃管喝刚刚发过火v好v还积极刚刚一个车糖醋鱼他天天如得到幸福小黄人他好像日系让他)太吓人如下图相信他嘻哈突然日系让他想他突然人人头像好突然夏天很热想他忽然想榕榕兔花容天下突然的都让人调戏润体乳太二人让同学都喜欢哈哈哈发个。。刚才唱歌','/upload/complaint/1405584959885_tmp_avatar_1405583914786.jpg, /upload/complaint/1405584959886_tmp_avatar_1405583860807.jpg, /upload/complaint/1405584959886_tmp_avatar_1405583894452.jpg','04140717000004',NULL,NULL,NULL,'09140717000000'),('09140717000003','2014-07-17 09:03:44','da49b14529ef45cf91be5e6a896af77c','1',NULL,'其它','0','0','jsjssjssjsnssnssnssnssn就是难受是哪位我就是手机就是你是男是女你说你是谁你说啥呢就是你室内设计就是难受你啥时间你是你说啥呢就在你说啥呢vv二宿舍太热色额色额饿饭vv色发v3粉色额发v他呃呃夫妇v保护不好不不不？？u好方法vv放放松v3额发v3发热过头宝宝gtv电热毯如果贵公司热腾腾姐姐姐夫运费与呵呵你头发还挺好','/upload/complaint/1405587824607_IMG_20140717_165525.jpg, /upload/complaint/1405587824607_IMG_20140717_165519.jpg, /upload/complaint/1405587824607_IMG_20140717_165545.jpg','04140717000005',NULL,NULL,NULL,'09140717000002'),('09140718000001','2014-07-18 06:43:44','234587a9c35f4105911457e8a9243171','0',NULL,'发布虚假信息','0','0','','/upload/complaint/1405665824090_tmp_avatar_1405665776621.jpg, /upload/complaint/1405665824090_tmp_avatar_1405665758383.jpg, /upload/complaint/1405665824090_tmp_avatar_1405665735683.jpg','04140717000006',NULL,NULL,NULL,'09140718000000'),('09140718000003','2014-07-18 08:14:13','da49b14529ef45cf91be5e6a896af77c','1',NULL,'发布虚假信息','0','0','一二三四五六七八九十一二三四五六七八九十一二三四五六七八九十一二三四五六七八九十一二三四五六七八九十','/upload/complaint/1405671252976_tmp_avatar_1405671186264.jpg, /upload/complaint/1405671252976_tmp_avatar_1405671139827.jpg, /upload/complaint/1405671252976_tmp_avatar_1405671164686.jpg','04140717000011',NULL,NULL,NULL,'09140718000002');
/*!40000 ALTER TABLE `complaint` ENABLE KEYS */;
UNLOCK TABLES;

--
-- Table structure for table `creditlevel`
--

DROP TABLE IF EXISTS `creditlevel`;
/*!40101 SET @saved_cs_client     = @@character_set_client */;
/*!40101 SET character_set_client = utf8 */;
CREATE TABLE `creditlevel` (
  `id` varchar(255) COLLATE utf8_bin NOT NULL,
  `startCredit` double DEFAULT '0',
  `endCredit` double DEFAULT '0',
  `levelImg` varchar(255) COLLATE utf8_bin DEFAULT NULL,
  `levelMemo` varchar(255) COLLATE utf8_bin DEFAULT NULL,
  `generatetime` timestamp NULL DEFAULT CURRENT_TIMESTAMP,
  PRIMARY KEY (`id`)
) ENGINE=InnoDB DEFAULT CHARSET=utf8 COLLATE=utf8_bin AVG_ROW_LENGTH=1638;
/*!40101 SET character_set_client = @saved_cs_client */;

--
-- Dumping data for table `creditlevel`
--

LOCK TABLES `creditlevel` WRITE;
/*!40000 ALTER TABLE `creditlevel` DISABLE KEYS */;
INSERT INTO `creditlevel` VALUES ('CRD000001',0,0.5,'creditrating_star1','cc','2013-11-11 05:45:55'),('CRD000002',0.5,1,'creditrating_star2','bb','2013-11-11 05:46:21'),('CRD000003',1,1.5,'creditrating_star3','dd','2013-11-11 05:46:43'),('CRD000004',1.5,2,'creditrating_star4','ee','2013-11-11 05:47:01'),('CRD000005',2,2.5,'creditrating_star5','ff','2013-11-11 05:47:21'),('CRD000006',2.5,3,'creditrating_star6','tt','2013-11-11 05:47:50'),('CRD000007',3,3.5,'creditrating_star7','cc','2013-11-19 07:15:36'),('CRD000008',3.5,4,'creditrating_star8','cc','2013-11-19 07:16:06'),('CRD000009',4,4.5,'creditrating_star9','77','2013-11-19 07:16:31'),('CRD000010',4.5,5,'creditrating_star10','88','2013-11-19 07:16:50');
/*!40000 ALTER TABLE `creditlevel` ENABLE KEYS */;
UNLOCK TABLES;

--
-- Table structure for table `dailynews`
--

DROP TABLE IF EXISTS `dailynews`;
/*!40101 SET @saved_cs_client     = @@character_set_client */;
/*!40101 SET character_set_client = utf8 */;
CREATE TABLE `dailynews` (
  `id` varchar(128) COLLATE utf8_bin NOT NULL,
  `title` varchar(255) COLLATE utf8_bin DEFAULT NULL,
  `url` varchar(255) COLLATE utf8_bin DEFAULT NULL,
  `generatetime` timestamp NULL DEFAULT CURRENT_TIMESTAMP,
  PRIMARY KEY (`id`)
) ENGINE=InnoDB DEFAULT CHARSET=utf8 COLLATE=utf8_bin;
/*!40101 SET character_set_client = @saved_cs_client */;

--
-- Dumping data for table `dailynews`
--

LOCK TABLES `dailynews` WRITE;
/*!40000 ALTER TABLE `dailynews` DISABLE KEYS */;
/*!40000 ALTER TABLE `dailynews` ENABLE KEYS */;
UNLOCK TABLES;

--
-- Table structure for table `driver`
--

DROP TABLE IF EXISTS `driver`;
/*!40101 SET @saved_cs_client     = @@character_set_client */;
/*!40101 SET character_set_client = utf8 */;
CREATE TABLE `driver` (
  `id` varchar(32) COLLATE utf8_bin NOT NULL,
  `status` varchar(4) COLLATE utf8_bin DEFAULT NULL COMMENT '是否验证 默认值0,0：验证 1：未验证',
  `type` varchar(4) COLLATE utf8_bin DEFAULT NULL COMMENT '0:司机 1：车主',
  `idcard` varchar(20) COLLATE utf8_bin DEFAULT NULL COMMENT '身份证号',
  `tel` varchar(25) COLLATE utf8_bin DEFAULT NULL COMMENT '手机号，联系方式',
  `name` varchar(255) COLLATE utf8_bin DEFAULT NULL COMMENT '姓名',
  `photo` varchar(255) COLLATE utf8_bin DEFAULT NULL COMMENT '照片',
  `generatetime` timestamp NULL DEFAULT CURRENT_TIMESTAMP COMMENT '创建时间',
  `carid` varchar(32) COLLATE utf8_bin DEFAULT NULL COMMENT '车的主键',
  `cancelFlag` char(1) COLLATE utf8_bin DEFAULT '0' COMMENT '注销标识 默认值0，0:正常 1:已注销',
  `driverno` varchar(255) COLLATE utf8_bin DEFAULT NULL COMMENT '司机编号',
  `fixphone` varchar(20) COLLATE utf8_bin DEFAULT NULL COMMENT '固定电话',
  `address` varchar(255) COLLATE utf8_bin DEFAULT NULL COMMENT '家庭住址',
  PRIMARY KEY (`id`)
) ENGINE=InnoDB DEFAULT CHARSET=utf8 COLLATE=utf8_bin AVG_ROW_LENGTH=204;
/*!40101 SET character_set_client = @saved_cs_client */;

--
-- Dumping data for table `driver`
--

LOCK TABLES `driver` WRITE;
/*!40000 ALTER TABLE `driver` DISABLE KEYS */;
INSERT INTO `driver` VALUES ('072823e9a0ee4dd189643aea7a838610','0','1','420088198909898833','13123212321','仐删',NULL,'2014-07-17 06:11:57','af87d868e0114fc6ac78c43ac5d46f51','0','07140717002',NULL,NULL),('079fe7ce827546a0ab31c4059aae927b','0','1','420602188209242597','13177210787','无锡',NULL,'2014-07-15 03:32:39','f13027eb8baf43d595f30b8e74e23e07','0','07140715006',NULL,NULL),('12f85b3bc4c34671bcafb869b44c7830','0','1','420600188111091519','13507286089','刘刘牛牛',NULL,'2014-07-17 08:58:20','10ec51fc394d47d0ae720844d2668bec','0','07140717004','13507286089','湖北襄阳南街王府路16号'),('1722e4a1eb23483ca2fb3d736e2ad743','0','0','430609198810116012','13344444444','香港',NULL,'2014-07-15 08:35:22','2441c2a24a144f1597d0ec9d00013bab','0','07140715017',NULL,NULL),('1ae1f691f49c40a08d8e5bdfa046b5d3','0','0','420606198810116015','18877889999','李弘基','/upload/driver/1405569067336.png','2014-07-17 03:51:07','a462cbe123884d508248003e4d31a1e9','0','07140717001',NULL,NULL),('1cb9a064ebca49d1aa616e1de4e060a8','0','0','420606198710116022','18872573233','王二小',NULL,'2014-07-14 09:51:52','9b1099c208cb41139296ddc7754d8a32','1','07140714000',NULL,NULL),('1fe19370cdfa4be7a7de1cb0a7e201e0','0','1','420606198310116016','18877889999','李弘基','/upload/driver/1405569017303.png','2014-07-17 03:50:17','a462cbe123884d508248003e4d31a1e9','0','07140717000',NULL,NULL),('39a894700c504be0a7cbad02e5064594','0','0','420706199102160213','18978954321','大庆',NULL,'2014-07-15 03:44:00','da49b14529ef45cf91be5e6a896af77c','0','07140715009',NULL,NULL),('42faad248d2d446890e5c31026ba4c56','0','1','420606198802120022','13121232123','厉娜',NULL,'2014-07-14 11:33:37','f98e9abbdf484048910175c77b920c56','0','07140714000',NULL,NULL),('50210656f5fe4d2f850464087c6ae18a','0','0','420600188111091519','13507286089','刘刘牛牛',NULL,'2014-07-17 08:58:20','10ec51fc394d47d0ae720844d2668bec','0','07140717005','13507286089','湖北襄阳南街王府路16号'),('51a5a048ba9d48649579ec1ce47010b6','0','1','420602197609242597','13177210787','张三星',NULL,'2014-07-15 03:01:19','47f2916573b94a75b6665299449940c5','0','07140715004',NULL,NULL),('54a7eb369f784729819c54abe5057b01','0','0','420600198115189','13507287098','刘刘刘骆驼',NULL,'2014-07-16 13:41:06','710d6634c6e8443da596f8440df66751','0','07140716002','',''),('62ad25417364418cb49ef059b9feb294','0','1','42060619871011601X','18872573288','王阿思',NULL,'2014-07-14 09:43:47','9b1099c208cb41139296ddc7754d8a32','0','07140714000',NULL,NULL),('6345fe1c31e64ab2b7d4d24a590559c2','0','1','420606198810126016','88888888888','李嘉诚',NULL,'2014-07-15 08:34:50','2441c2a24a144f1597d0ec9d00013bab','0','07140715016',NULL,NULL),('6c1b84b53ed649f09d7315546942907c','0','1','420600198115189','13507287098','刘刘刘骆驼',NULL,'2014-07-16 13:41:06','710d6634c6e8443da596f8440df66751','0','07140716001','',''),('72ad1965a2ba4121861b4e34b356f5d5','0','0','431212199304280812','13123456789','德旺',NULL,'2014-07-15 03:57:41','a28db695e0984b108302d358a61a7c31','0','07140715011',NULL,NULL),('83330bd17e754f799b9eb4eb3e67df4f','0','0','42080819870530002X','13898765453','萨奇',NULL,'2014-07-15 02:57:29','3cd89855681d43c5a3c6b4ce6536a651','0','07140715003',NULL,NULL),('8c44117a9b28443481105469fd99d4fb','0','1','420606193310116013','13333333333','李天二',NULL,'2014-07-15 06:25:00','97e6ea1f82cf47a3a116ecff09b1780a','0','07140715014',NULL,NULL),('90a8006fa63d44df8e9a58550fd0e5aa','0','0','42060619831011602X','15555555555','王晓',NULL,'2014-07-15 06:25:59','97e6ea1f82cf47a3a116ecff09b1780a','0','07140715015',NULL,NULL),('913064641da84d49ae677723f9a62bd8','0','0','42060619831012601X','18866666666','李双江',NULL,'2014-07-15 02:22:35','62c2a22b822549af8aef1cb86f154513','0','07140715001',NULL,NULL),('953cce2f3f37431b8445036862fc8596','0','1','420602168505058597','13507287089','刘刘',NULL,'2014-07-15 03:59:14','88342c72876442c092a1db55bdec9cb3','0','07140715012',NULL,NULL),('981a02ee424b457783083315c5b07c0a','0','1','424332198802198912','13121232123','钱少',NULL,'2014-07-15 03:57:02','a28db695e0984b108302d358a61a7c31','0','07140715010',NULL,NULL),('99e8782c7c2043f191a7c4ed233f5692','0','1','420605198808290033','15132121323','秦丹',NULL,'2014-07-15 02:54:19','3cd89855681d43c5a3c6b4ce6536a651','0','07140715002',NULL,NULL),('a024d4cff5224d5dac28c0efe9a64537','0','1','420602197609242590','13173210787','你好',NULL,'2014-07-15 03:36:03','cac1a18bae0144149c0e6cb4d26bae89','0','07140715007',NULL,NULL),('a4fda129f04447278e20409f09ff21ab','0','1','420808199012180032','13123456789','魏小傲',NULL,'2014-07-15 03:43:13','da49b14529ef45cf91be5e6a896af77c','0','07140715008',NULL,NULL),('c66d3ebdddc5416fac6ad3abba03ed0e','0','1','42060619871011651X','18888888888','李天一',NULL,'2014-07-15 02:20:35','62c2a22b822549af8aef1cb86f154513','0','07140715000',NULL,NULL),('ca3925ee89a04227975e22df681cebd7','0','0','420602167809122597','13177210787','温馨',NULL,'2014-07-15 03:02:47','47f2916573b94a75b6665299449940c5','0','07140715005',NULL,NULL),('e329a886fd524c9db129ec255a17b340','0','0','420707198804290021','15198789873','王茜',NULL,'2014-07-14 11:34:23','f98e9abbdf484048910175c77b920c56','0','07140714000',NULL,NULL),('e66c96f25e22477cac67e662e4d7e17c','0','0','420909198905259865','13154323432','妲鸠',NULL,'2014-07-17 06:12:47','af87d868e0114fc6ac78c43ac5d46f51','0','07140717003',NULL,NULL),('e91fc73090f4426c9d3e0f8db4a7b95f','0','0','420606196610116012','18872573299','王阿四','/upload/driver/1405568709934.png','2014-07-14 09:44:20','f13027eb8baf43d595f30b8e74e23e07','0','07140714000',NULL,NULL),('fe345dfa3a5e4248812a585c53322f46','0','0','420602167809122597','13507287089','刘刘',NULL,'2014-07-15 03:59:53','88342c72876442c092a1db55bdec9cb3','0','07140715013',NULL,NULL);
/*!40000 ALTER TABLE `driver` ENABLE KEYS */;
UNLOCK TABLES;

--
-- Table structure for table `goods`
--

DROP TABLE IF EXISTS `goods`;
/*!40101 SET @saved_cs_client     = @@character_set_client */;
/*!40101 SET character_set_client = utf8 */;
CREATE TABLE `goods` (
  `id` varchar(128) COLLATE utf8_bin NOT NULL,
  `assigncarno` varchar(255) COLLATE utf8_bin DEFAULT NULL COMMENT '发布对象 指定车辆 [空：全部]',
  `count` int(11) DEFAULT NULL COMMENT '货物件数',
  `declaredvalue` int(11) DEFAULT NULL COMMENT '声明价值',
  `infofare` int(11) DEFAULT NULL COMMENT '信息费',
  `fare` int(11) DEFAULT NULL COMMENT '运价/费',
  `fetchdate` datetime DEFAULT NULL COMMENT '有效时间点',
  `goodsname` varchar(255) COLLATE utf8_bin DEFAULT NULL COMMENT '货物名称',
  `goodsno` varchar(255) COLLATE utf8_bin DEFAULT NULL COMMENT '货源编号',
  `goodstype` int(11) DEFAULT NULL COMMENT '货源类型',
  `originalprovince` varchar(255) COLLATE utf8_bin DEFAULT NULL COMMENT '发货地省',
  `originalcity` varchar(255) COLLATE utf8_bin DEFAULT NULL COMMENT '发货地城市',
  `originalregion` varchar(255) COLLATE utf8_bin DEFAULT NULL COMMENT '发货地区',
  `completedate` datetime DEFAULT NULL COMMENT '完成时间',
  `generatetime` timestamp NULL DEFAULT CURRENT_TIMESTAMP COMMENT '创建时间',
  `receiptprovince` varchar(255) COLLATE utf8_bin DEFAULT NULL COMMENT '收货地省',
  `receiptcity` varchar(255) COLLATE utf8_bin DEFAULT NULL COMMENT '收货地城市',
  `receiptregion` varchar(255) COLLATE utf8_bin DEFAULT NULL COMMENT '收货地区',
  `carlength` double DEFAULT NULL COMMENT '车长',
  `volume` double DEFAULT NULL COMMENT '货物体积',
  `weight` double DEFAULT NULL COMMENT '吨位 重量',
  `agentid` varchar(32) COLLATE utf8_bin DEFAULT NULL COMMENT '货代id',
  `memo` varchar(255) COLLATE utf8_bin DEFAULT NULL COMMENT '描述',
  `paystatus` char(1) COLLATE utf8_bin DEFAULT NULL COMMENT '付款方式 0货代付款，1回单付款',
  `backstatus` char(1) COLLATE utf8_bin DEFAULT NULL COMMENT '回单状态，默认null，0原件，1传真件，2扫描件',
  `status` char(1) COLLATE utf8_bin DEFAULT '0',
  `shipperid` varchar(128) COLLATE utf8_bin DEFAULT NULL COMMENT '发货联系人id',
  `consigneeid` varchar(128) COLLATE utf8_bin DEFAULT NULL COMMENT '收货联系人id',
  `custom` char(1) COLLATE utf8_bin DEFAULT '0' COMMENT '公司发布的私有货源还是货代发布的货源，默认0是货代发布的货源，1是公司发布的',
  `leftweight` double DEFAULT '0' COMMENT '货源 剩余 分配 余量',
  PRIMARY KEY (`id`)
) ENGINE=InnoDB DEFAULT CHARSET=utf8 COLLATE=utf8_bin AVG_ROW_LENGTH=618;
/*!40101 SET character_set_client = @saved_cs_client */;

--
-- Dumping data for table `goods`
--

LOCK TABLES `goods` WRITE;
/*!40000 ALTER TABLE `goods` DISABLE KEYS */;
INSERT INTO `goods` VALUES ('0b32700838ce40db80e97fa4f08911ac',NULL,NULL,NULL,NULL,NULL,'2014-07-24 21:38:37','电子通讯设备','01140717000010',2,'湖北','襄阳','襄城区',NULL,'2014-07-17 13:38:37','湖南','株洲','荷塘区',11,NULL,8,'234587a9c35f4105911457e8a9243171',NULL,NULL,NULL,'1',NULL,NULL,'0',0),('12362b77497349b68d50a115dfd3a923',NULL,NULL,NULL,NULL,NULL,'2014-07-22 14:48:19','电子通讯设备','01140715000007',0,'湖北','黄石','黄石港区',NULL,'2014-07-15 06:48:19','湖南','衡阳','珠晖区',NULL,NULL,2,'a30fe0f1ad5f4e7aaa296452d061c158',' ',NULL,NULL,'0',NULL,NULL,'0',0),('1243d6e237ee44c8a388753e93336b67',NULL,NULL,NULL,NULL,NULL,'2014-07-14 21:15:13','仪器仪表','01140714000004',2,'湖北','十堰',NULL,NULL,'2014-07-14 13:15:13','湖北','襄阳',NULL,7,NULL,NULL,'a30fe0f1ad5f4e7aaa296452d061c158','  ',NULL,NULL,'0',NULL,NULL,'0',0),('13638e25546e4022abe96f6625b0edb1',NULL,NULL,NULL,NULL,NULL,'2014-07-26 10:50:22','电子通讯设备','01140719000001',0,'重庆',NULL,NULL,NULL,'2014-07-19 02:50:22','重庆',NULL,'渝中区',77,NULL,9999,'234587a9c35f4105911457e8a9243171',NULL,NULL,NULL,'0',NULL,NULL,'0',0),('138243bfd3df4bddb2e48fac65a0d1e6',NULL,NULL,NULL,NULL,NULL,'2014-07-24 15:06:46','电子通讯设备','01140717000005',0,'湖北','襄阳','襄城区','2014-07-17 15:07:16','2014-07-17 07:06:46','湖北','武汉',NULL,NULL,NULL,100,'d285bb154fc6429d91285629997b17a6',NULL,NULL,NULL,'0',NULL,NULL,'0',0),('141a9a9f9a78461a83a47afb2148f2ee','2441c2a24a144f1597d0ec9d00013bab',12,12,12,12,'2014-07-23 19:58:04','电子通讯设备','01140716000017',2,'','上海','上海',NULL,'2014-07-16 11:58:04','','天津','天津',5,12,10,'223941f06f3744c0bff116b4228ae968',NULL,NULL,NULL,'0',NULL,NULL,'0',0),('17ce26083a844401bb6a98fecd653154',NULL,12,12,12,12,'2014-07-23 19:36:48','电子通讯设备','01140716000015',0,NULL,'北京','东城区',NULL,'2014-07-16 11:36:48',NULL,'上海','黄浦区',10,1,5,'223941f06f3744c0bff116b4228ae968',NULL,NULL,NULL,'0',NULL,NULL,'0',0),('195d3ce6c3ff4d26a2ebcfea2a573409',NULL,12,33231313,12,313313,'2014-07-21 17:39:37','汽车配件','01140714000000',2,NULL,'北京','延庆县',NULL,'2014-07-14 09:39:37',NULL,'上海','黄浦区',20,22,NULL,'94dfb50a26cb473aa71fe27f3aac3ab1',' ',NULL,NULL,'0',NULL,NULL,'0',0),('19c3fdace90c48d18e9449723780311a',NULL,NULL,NULL,NULL,NULL,'2014-07-21 21:02:52','电子通讯设备','01140714000003',0,NULL,'天津','和平区',NULL,'2014-07-14 13:02:53',NULL,'重庆','渝中区',NULL,NULL,12,'f5089c26681942668244efcdc20bb869',' ',NULL,NULL,'0',NULL,NULL,'0',0),('1cac0ec0a47b453fa7f8cbacebee7bd1',NULL,1,1,1,1,'2014-07-17 19:16:41','电子通讯设备','01140714000000',2,'湖北','襄阳','襄城区',NULL,'2014-07-14 11:16:41','河南','洛阳','西工区',12,1,12,'234587a9c35f4105911457e8a9243171','   ',NULL,NULL,'0',NULL,NULL,'0',0),('1df5d630e20445a08639f0fcf0d7fab1',NULL,NULL,NULL,NULL,NULL,'2014-07-22 14:48:33','电子通讯设备','01140715000008',0,'湖北','宜昌',NULL,NULL,'2014-07-15 06:48:33','湖南','湘潭','雨湖区',NULL,NULL,3,'a30fe0f1ad5f4e7aaa296452d061c158',' ',NULL,NULL,'0',NULL,NULL,'0',0),('1e00ee2e366d478c85d86f92b1dd13e6',NULL,3,3,3,3,'2014-07-21 20:21:48','电子通讯设备','01140714000000',2,'江苏','南京','玄武区',NULL,'2014-07-14 12:21:48',NULL,'北京','西城区',3,3,NULL,'234587a9c35f4105911457e8a9243171',' 3333333333333333333333333333333333发生过发给人轻轻飞舞刚刚去额外',NULL,NULL,'0',NULL,NULL,'0',0),('1f29111f5f3a41f8b68a8983c104cecd',NULL,NULL,NULL,NULL,NULL,'2014-07-23 15:34:30','家具','01140717000006',2,'湖北','襄阳','襄城区','2014-07-17 15:48:24','2014-07-17 07:34:30','湖南','衡阳','雁峰区',8,NULL,NULL,'234587a9c35f4105911457e8a9243171','家具类型的货源信息\\n测试数据','0','','0',NULL,NULL,'0',0),('1fe4365544304e948fbe45e2b9184dec',NULL,NULL,NULL,NULL,NULL,NULL,'蓄电池','01140716000024',1,'','上海',NULL,NULL,'2014-07-17 06:09:01','','北京',NULL,NULL,NULL,5,'6f70a9a0d9d24f14ad87d00d7fd0d3b1','说明说明说明说明说明说明说明说明说明说明说明说明说明说明说明说明说明说明说明说明说明说明说明说明说明',NULL,NULL,'0','320035eb05c147bbaedbb4ca31e5b402','f38284419c2c4a6ea33704e3e6a55418','1',4),('25c6ae2f8ed74de585c40400077051c1',NULL,NULL,NULL,NULL,NULL,'2014-07-23 19:40:21','电子通讯设备','01140715000009',0,'湖北','鄂州',NULL,'2014-07-16 21:32:43','2014-07-16 11:40:21','北京',NULL,'朝阳区',NULL,NULL,4,'a30fe0f1ad5f4e7aaa296452d061c158','  范德萨飞鄂无缝管鄂人噶热是废物废物EFGRGRG R法尔芙蓉峰物管费￥@#￥反而无法凤飞飞无法废',NULL,NULL,'0',NULL,NULL,'0',0),('2e04289d20434ca18e58ebfb81cb3d68',NULL,NULL,NULL,NULL,NULL,'2014-07-22 22:51:14','电子通讯设备','01140715000018',0,'贵州','贵阳','南明区','2014-07-16 00:26:38','2014-07-15 14:51:18','广西','南宁','邕宁区',NULL,NULL,1,'a30fe0f1ad5f4e7aaa296452d061c158',' 在家\\n自卫队 \\n二十','1','1','0',NULL,NULL,'0',0),('314a614713b741008cc6e7cce41ed0ad',NULL,NULL,NULL,NULL,NULL,'2014-07-23 16:07:51','电子通讯设备','01140716000006',1,'湖北','武汉','江夏区','2014-07-16 16:08:11','2014-07-16 08:07:51','湖北','十堰','茅箭区',NULL,NULL,22,'234587a9c35f4105911457e8a9243171',NULL,'0','','0',NULL,NULL,'0',0),('33269866840b4983b020de7f40cee30e',NULL,NULL,NULL,NULL,NULL,'2014-07-23 16:42:25','电子通讯设备','01140716000009',0,'黑龙江','哈尔滨','道外区','2014-07-16 16:42:47','2014-07-16 08:42:25',NULL,'台湾',NULL,NULL,NULL,2,'21ccd29c6d504d67809b8003f58ac9d2',NULL,'0','','0',NULL,NULL,'0',0),('36aaec2a27ac4c36a2f09b26ec37e358',NULL,NULL,NULL,NULL,NULL,'2014-07-21 21:11:27','电子通讯设备','01140714000005',0,'湖北','武汉','江岸区',NULL,'2014-07-14 13:11:27','湖北','仙桃',NULL,5,NULL,NULL,'21ccd29c6d504d67809b8003f58ac9d2',' ',NULL,NULL,'0',NULL,NULL,'0',0),('371b71ff18ba401db09bd5b2df9d6623',NULL,4,4,4,4,'2014-07-21 20:45:02','家具','01140714000000',2,'','上海','徐汇区',NULL,'2014-07-14 12:45:02','','重庆','九龙坡区',4,4,4.44,'234587a9c35f4105911457e8a9243171','  4444刚发肉嘎嘎为顶顶顶顶顶顶顶顶顶顶顶顶顶顶顶个鹅鹅鹅鹅鹅鹅的谁谁谁水水水水刚发撒哥啊额外额外',NULL,NULL,'0',NULL,NULL,'0',0),('3a3569a8ae05499382605ffe7327a699',NULL,NULL,NULL,NULL,NULL,'2014-07-24 12:00:45','电子通讯设备','01140717000001',0,'香港',NULL,NULL,'2014-07-17 14:08:55','2014-07-17 04:00:45','澳门',NULL,NULL,66,NULL,NULL,'d285bb154fc6429d91285629997b17a6',NULL,'0','','0',NULL,NULL,'0',0),('3b0dfa75d0664bafa778c1cabf25b0ff',NULL,NULL,30000,300,3000,'2014-07-25 15:46:53','电子通讯设备','01140718000001',1,NULL,'北京',NULL,NULL,'2014-07-18 07:46:54',NULL,'上海',NULL,17.5,NULL,20,'234587a9c35f4105911457e8a9243171','货物易碎',NULL,NULL,'0',NULL,NULL,'0',0),('4674f20f37ad4cb6979e0c50e9765530',NULL,5,5,5,5,'2014-07-24 16:47:42','电子通讯设备','01140717000007',3,'河北','石家庄',NULL,NULL,'2014-07-17 08:47:42',NULL,'上海','黄浦区',5,5,5,'223941f06f3744c0bff116b4228ae968',NULL,NULL,NULL,'0',NULL,NULL,'0',0),('4cdb2177d5874ab9aacee508f1b1800f',NULL,1,1,1,1,'2014-07-23 14:40:14','电子通讯设备','01140716000001',0,NULL,'北京','东城区','2014-07-17 16:12:50','2014-07-16 06:40:14',NULL,'上海','黄浦区',10,1,10,'234587a9c35f4105911457e8a9243171',NULL,'0','','0',NULL,NULL,'0',0),('4d0b8149802a4c62a32de8faf07c4587',NULL,NULL,NULL,NULL,NULL,'2014-07-17 21:05:04','电子通讯设备','01140714000000',0,NULL,'北京',NULL,'2014-07-14 21:39:05','2014-07-14 13:05:04',NULL,'上海',NULL,10,NULL,NULL,'234587a9c35f4105911457e8a9243171','   ','0','','0',NULL,NULL,'0',0),('58f4f13e567a4b22b534e9c1754743c0',NULL,NULL,NULL,1000,10000,'2014-07-24 09:30:32','工艺品','01140717000000',1,'湖北','襄阳',NULL,'2014-07-17 11:30:18','2014-07-17 01:30:32','湖北','武汉',NULL,NULL,NULL,12,'8d68653a056c4559bc5627931090d5a3',NULL,NULL,NULL,'0',NULL,NULL,'0',0),('5926da168f314f33b0acda525c464f9d',NULL,NULL,NULL,NULL,NULL,'2014-07-24 15:06:13','电子通讯设备','01140717000004',0,'湖北','襄阳',NULL,NULL,'2014-07-17 07:06:13','湖北','武汉',NULL,NULL,NULL,12,'d285bb154fc6429d91285629997b17a6',NULL,NULL,NULL,'0',NULL,NULL,'0',0),('5cbd9124a2b747d9afe314733582de56',NULL,NULL,NULL,NULL,NULL,'2014-07-22 16:52:25','电子通讯设备','01140715000010',0,NULL,'澳门',NULL,NULL,'2014-07-15 08:52:25',NULL,'上海',NULL,NULL,NULL,9,'8d68653a056c4559bc5627931090d5a3',' ',NULL,NULL,'0',NULL,NULL,'0',0),('5ea9d87ca4b64eeb932fa57c35487ec3',NULL,12,22,12,33,'2014-07-17 18:43:00','工艺品','01140714000000',2,'云南','昆明','盘龙区',NULL,'2014-07-14 10:43:00',NULL,'香港',NULL,12,12,NULL,'f5089c26681942668244efcdc20bb869',' ',NULL,NULL,'0',NULL,NULL,'0',0),('6239be7295d443b2b549b0fd6def7e29',NULL,NULL,NULL,NULL,NULL,'2014-07-25 17:29:14','电子通讯设备','01140718000002',1,'广西','南宁',NULL,NULL,'2014-07-18 09:29:14','湖北','黄石','黄石港区',NULL,NULL,21,'234587a9c35f4105911457e8a9243171',NULL,NULL,NULL,'0',NULL,NULL,'0',0),('62a6beb4286c4044bad3da2445b1a3ed',NULL,4,4,4,4,'2014-07-23 21:32:17','电子通讯设备','01140716000023',3,'广西','南宁',NULL,NULL,'2014-07-16 13:32:17','广东','广州',NULL,4,4,4,'223941f06f3744c0bff116b4228ae968',NULL,NULL,NULL,'0',NULL,NULL,'0',0),('658a4f7502ad49aba5114bfd99983689',NULL,NULL,NULL,NULL,NULL,'2014-07-23 16:10:21','电子通讯设备','01140716000007',0,NULL,'重庆',NULL,'2014-07-16 16:10:28','2014-07-16 08:10:21','江苏','无锡','崇安区',NULL,NULL,3,'a30fe0f1ad5f4e7aaa296452d061c158',NULL,'0','','0',NULL,NULL,'0',0),('6678b39869194d8daed52665c7c2c682',NULL,NULL,NULL,NULL,NULL,'2014-07-21 20:00:33','电子通讯设备','01140714000000',1,'新疆','伊犁','察布查尔县',NULL,'2014-07-14 12:00:33','黑龙江','齐齐哈尔','梅里斯达斡尔族区',NULL,NULL,22,'f5089c26681942668244efcdc20bb869',' ',NULL,NULL,'0',NULL,NULL,'0',0),('6da377e890024c0789abfaa5d6401614',NULL,2,2,2,2,'2014-07-23 21:30:42','电子通讯设备','01140716000021',1,NULL,'上海',NULL,NULL,'2014-07-16 13:30:42',NULL,'天津',NULL,2,2,2,'223941f06f3744c0bff116b4228ae968',NULL,NULL,NULL,'0',NULL,NULL,'0',0),('6ee2d4e9bc5f4d3096e4d86600e132d8',NULL,NULL,NULL,NULL,NULL,'2014-07-23 19:39:46','电子通讯设备','01140715000016',1,'北京',NULL,'丰台区','2014-07-16 20:17:18','2014-07-16 11:39:46','湖北','十堰','丹江口市',1,NULL,NULL,'a30fe0f1ad5f4e7aaa296452d061c158',' w',NULL,NULL,'0',NULL,NULL,'0',0),('706b95a5560741509511fa5c152a4cd3',NULL,NULL,NULL,NULL,NULL,'2014-07-23 18:14:57','电子通讯设备','01140716000014',0,NULL,'上海','黄浦区','2014-07-16 18:16:27','2014-07-16 10:14:57',NULL,'北京',NULL,NULL,NULL,2,'f7e9dbbeb7944660a8f1bd0a19c057cd',NULL,NULL,NULL,'0',NULL,NULL,'0',0),('7081d4430bd640d088f546a62ba8bcef',NULL,NULL,NULL,NULL,NULL,'2014-07-23 17:58:26','电子通讯设备','01140716000012',0,NULL,'澳门',NULL,NULL,'2014-07-16 09:58:26',NULL,'台湾',NULL,NULL,NULL,2,'8d68653a056c4559bc5627931090d5a3',NULL,NULL,NULL,'0',NULL,NULL,'0',0),('725924d9c79a4034a0e7b8546c608fd8',NULL,NULL,NULL,NULL,NULL,'2014-07-21 20:18:07','电子通讯设备','01140714000000',0,'湖南','长沙','芙蓉区',NULL,'2014-07-14 12:18:07','辽宁','抚顺','望花区',2,NULL,NULL,'f5089c26681942668244efcdc20bb869',' ',NULL,NULL,'0',NULL,NULL,'0',0),('73e015119106468e8b7307a5d7f4c6fe',NULL,NULL,NULL,NULL,NULL,'2014-07-21 17:37:54','工艺品','01140714000000',1,NULL,'上海','崇明县',NULL,'2014-07-14 09:37:54',NULL,'重庆','武隆县',20,NULL,12,'94dfb50a26cb473aa71fe27f3aac3ab1',' ',NULL,NULL,'0',NULL,NULL,'0',0),('79ff87ff6adc4e6b8dc278b02499b581',NULL,NULL,NULL,NULL,NULL,'2014-07-23 16:48:08','电子通讯设备','01140716000010',0,'湖北','襄阳',NULL,NULL,'2014-07-16 08:48:08','湖北','武汉','江岸区',NULL,NULL,22,'21ccd29c6d504d67809b8003f58ac9d2',NULL,NULL,NULL,'0',NULL,NULL,'0',0),('80bbc72827c04c11b82bff228c5b81f8',NULL,NULL,NULL,NULL,NULL,'2014-07-22 14:11:20','电子通讯设备','01140715000003',3,NULL,'上海',NULL,NULL,'2014-07-15 06:11:20',NULL,'重庆',NULL,NULL,NULL,3,'234587a9c35f4105911457e8a9243171',' 代发',NULL,NULL,'0',NULL,NULL,'0',0),('84b32f661f3e4d96b79d5e11d44e5bb6',NULL,NULL,NULL,NULL,NULL,'2014-07-22 17:16:22','电子通讯设备','01140715000005',0,'广东','广州',NULL,NULL,'2014-07-15 09:16:22','吉林','长春',NULL,0,NULL,0,'234587a9c35f4105911457e8a9243171','   ',NULL,NULL,'0',NULL,NULL,'0',0),('86739bb640244dcd89d6c314d518b01a',NULL,3,3,3,3,'2014-07-23 21:31:56','电子通讯设备','01140716000022',1,NULL,'天津',NULL,NULL,'2014-07-16 13:31:56','贵州','贵阳',NULL,3,3,3,'223941f06f3744c0bff116b4228ae968',NULL,NULL,NULL,'0',NULL,NULL,'0',0),('8ba78a0da31c41e38801482a9be3489b','88342c72876442c092a1db55bdec9cb3',10,600,15,500,'2014-07-22 15:30:37','交运设备','01140716000003',3,'','北京','东城区','2014-07-16 15:33:34','2014-07-16 07:30:37','','重庆','万州区',5,5,10,'234587a9c35f4105911457e8a9243171','imyaimyaimyaimya','0','','0',NULL,NULL,'0',0),('8c9c6cdfb04446009d90cd0ba485b347',NULL,NULL,NULL,NULL,NULL,'2014-07-23 16:05:11','电子通讯设备','01140716000005',1,NULL,'北京',NULL,'2014-07-16 16:05:23','2014-07-16 08:05:11',NULL,'上海',NULL,1,NULL,22,'8d68653a056c4559bc5627931090d5a3',NULL,'0','','0',NULL,NULL,'0',0),('932338110a464ba8ab27e509944d8819',NULL,1,1,1,1,'2014-07-23 18:14:53','电子通讯设备','01140716000013',1,NULL,'北京','东城区','2014-07-18 14:39:41','2014-07-16 10:14:53',NULL,'上海',NULL,1,1,1,'223941f06f3744c0bff116b4228ae968',NULL,NULL,NULL,'0',NULL,NULL,'0',0),('9341e5c1a80c433989e86f9edc8c6ddd',NULL,NULL,NULL,NULL,NULL,'2014-07-22 09:48:12','食品饮料','01140715000000',3,NULL,'天津',NULL,'2014-07-15 15:28:04','2014-07-15 01:48:16',NULL,'重庆','万州区',NULL,NULL,3,'a30fe0f1ad5f4e7aaa296452d061c158',' ',NULL,NULL,'0',NULL,NULL,'0',0),('9491144c23864bca825df829c6ac239c',NULL,NULL,NULL,NULL,NULL,'2014-07-23 15:59:03','汽车配件','01140716000004',0,NULL,'澳门',NULL,'2014-07-16 15:59:22','2014-07-16 07:59:03',NULL,'台湾',NULL,12,NULL,22,'6203a64124174f9e9c6c1adbef7e75a0',NULL,'0','','0',NULL,NULL,'0',0),('95b812cf9dec479ba930573e78c4f1b2',NULL,5,5,5,5,'2014-07-21 20:31:47','家具','01140714000000',0,'江苏','南京','玄武区',NULL,'2014-07-14 12:31:47','湖北','武汉','洪山区',NULL,5,5,'a30fe0f1ad5f4e7aaa296452d061c158',' ',NULL,NULL,'0',NULL,NULL,'0',0),('96fbc03e3d2448a78f61c424ca67fc63',NULL,NULL,NULL,NULL,NULL,'2014-07-22 19:14:11','电子通讯设备','01140715000015',0,'湖南','株洲','荷塘区','2014-07-17 18:15:16','2014-07-15 11:14:11','海南','海口','秀英区',NULL,NULL,0,'234587a9c35f4105911457e8a9243171',' ','0','','0',NULL,NULL,'0',0),('989d5faf7ae443de98625d0a0ab48460',NULL,0,0,0,0,'2014-07-22 17:16:10','医药及器械','01140715000011',2,NULL,'北京',NULL,NULL,'2014-07-15 09:16:10',NULL,'香港',NULL,2,0,0,'8d68653a056c4559bc5627931090d5a3',' ',NULL,NULL,'0',NULL,NULL,'0',0),('98cf535846e4411990ce233e1f9ce6c4',NULL,NULL,NULL,NULL,NULL,'2014-07-20 17:17:30','医药及器械','01140715000012',2,'西藏','日喀则','亚东县',NULL,'2014-07-15 09:17:30','新疆','铁门关',NULL,0,NULL,0,'8d68653a056c4559bc5627931090d5a3',' ',NULL,NULL,'0',NULL,NULL,'0',0),('9a17a09446ef48b8a6038b89977c3129',NULL,NULL,NULL,NULL,NULL,'2014-07-23 16:37:16','电子通讯设备','01140716000008',0,NULL,'台湾',NULL,'2014-07-16 16:37:30','2014-07-16 08:37:16','云南','曲靖','宣威市',2,NULL,2,'f5089c26681942668244efcdc20bb869',NULL,'0','','0',NULL,NULL,'0',0),('9eb53705bc20417db0e970c591d2ece8',NULL,1,1,1,1,'2014-07-23 21:30:00','电子通讯设备','01140716000020',3,NULL,'北京',NULL,'2014-07-16 21:30:52','2014-07-16 13:30:00',NULL,'天津',NULL,1,1,1,'223941f06f3744c0bff116b4228ae968',NULL,NULL,NULL,'0',NULL,NULL,'0',0),('a1819bef5a614fcc9a2550e1f26a972e',NULL,NULL,NULL,NULL,NULL,NULL,'蓄电池','01140717000003',1,'','天津',NULL,NULL,'2014-07-17 09:18:08','广东','韶关',NULL,NULL,NULL,2,'6f70a9a0d9d24f14ad87d00d7fd0d3b1','12众人众人众人众人众人众人众人众人众人众人众人众人众人众人众人众人众人众人众人众人众人众人众人众人',NULL,NULL,'0','dbe52617d8d3403f95356445fbeb377c','ab3083860df3426182b060b654ceee91','1',1),('a1bf3eafe8114339a6582cd4d9182967','62c2a22b822549af8aef1cb86f154513',3,NULL,11,22,'2014-07-20 14:12:20','塑料橡胶制品','01140715000004',1,'浙江','温州','鹿城区',NULL,'2014-07-15 06:12:20','西藏','林芝','墨脱县',12,2,22,'8d68653a056c4559bc5627931090d5a3',' ',NULL,NULL,'0',NULL,NULL,'0',0),('a26a74fa040a431fa2fe0eca92c71eca',NULL,11,11,1,22,'2014-07-21 18:51:20','工艺品','01140714000000',2,NULL,'台湾',NULL,NULL,'2014-07-14 10:51:20',NULL,'香港',NULL,NULL,12,20,'f5089c26681942668244efcdc20bb869',' ',NULL,NULL,'0',NULL,NULL,'0',0),('af859c1b806949a5957b43e3dab15e52',NULL,100,100000000,10000,999999,'2014-07-20 14:05:12','造纸及印刷制品','01140715000001',2,NULL,'香港','香港','2014-07-16 18:00:58','2014-07-15 06:05:12','','北京','东城区',12,100,22,'8d68653a056c4559bc5627931090d5a3','  ','0','','0',NULL,NULL,'0',0),('b42bbb7bced04604952dac4c1bd3bbdd',NULL,NULL,NULL,NULL,NULL,'2014-07-25 14:11:50','电子通讯设备','01140718000000',0,'湖南','衡阳',NULL,NULL,'2014-07-18 06:11:50','河北','秦皇岛','北戴河区',NULL,NULL,5,'234587a9c35f4105911457e8a9243171',NULL,NULL,NULL,'1',NULL,NULL,'0',0),('b56e4a6757ed40e9970be697ff27b2ac',NULL,11,11,11,11,'2014-07-21 19:56:31','食品饮料','01140714000000',2,'湖南','长沙','芙蓉区',NULL,'2014-07-14 11:56:31','江西','九江','共青城市',NULL,11,11,'234587a9c35f4105911457e8a9243171',' 1111111111111111111111111111111111111111111111111',NULL,NULL,'0',NULL,NULL,'0',0),('baf3c0c026884c14818171aad3f18050',NULL,12,33231313,12,313313,'2014-07-21 17:39:32','汽车配件','01140714000000',2,NULL,'北京','延庆县',NULL,'2014-07-14 09:39:32',NULL,'上海','黄浦区',20,22,NULL,'94dfb50a26cb473aa71fe27f3aac3ab1',' ',NULL,NULL,'0',NULL,NULL,'0',0),('c0218bb4a421479fb6b9f0e225761dd1',NULL,NULL,78,56,65,'2014-07-23 19:52:06','电子通讯设备','01140716000016',1,'上海',NULL,'静安区','2014-07-16 19:52:24','2014-07-16 11:52:06','天津',NULL,'宝坻区',NULL,NULL,5,'a30fe0f1ad5f4e7aaa296452d061c158',NULL,'0','','0',NULL,NULL,'0',0),('c0bc46ffea154319bcdbeafc05ebb7bf',NULL,NULL,88888888,8888,888888,'2014-07-26 10:25:22','电子通讯设备','01140719000000',3,'广东','珠海',NULL,NULL,'2014-07-19 02:25:22','湖北','襄阳','襄州区',NULL,NULL,9999,'234587a9c35f4105911457e8a9243171',NULL,NULL,NULL,'0',NULL,NULL,'0',0),('cfb9e15ff1d44d0f977810d2df05aa5e',NULL,NULL,NULL,NULL,NULL,NULL,'蓄电池','01140717000008',1,'贵州','贵阳','南明区',NULL,'2014-07-17 09:41:31','海南','三亚','崖州区',NULL,NULL,5,'6f70a9a0d9d24f14ad87d00d7fd0d3b1','5',NULL,NULL,'0','8019ba9eb1d140ca86290e7698070e3d','acea90c27634441991aaece5a5ed688d','1',5),('d37a19ddedaf43bd8c0c9614b209f25a','88342c72876442c092a1db55bdec9cb3',12,12,12,12,'2014-07-23 20:13:17','电子通讯设备','01140716000018',0,NULL,'上海',NULL,'2014-07-16 20:17:08','2014-07-16 12:13:17',NULL,'天津',NULL,12,12,12,'223941f06f3744c0bff116b4228ae968',NULL,NULL,NULL,'0',NULL,NULL,'0',0),('d63d2c408d7b4d128819931967a9ff20',NULL,NULL,NULL,NULL,NULL,'2014-07-22 17:49:00','电子通讯设备','01140715000013',0,'广东','韶关','始兴县',NULL,'2014-07-15 09:49:00','内蒙古','包头','白云鄂博矿区',NULL,NULL,5,'234587a9c35f4105911457e8a9243171',' ',NULL,NULL,'0',NULL,NULL,'0',0),('d84f84c334c340ef8da6dbece8def889',NULL,NULL,NULL,NULL,NULL,'2014-07-25 18:15:03','电子通讯设备','01140718000003',0,'北京',NULL,NULL,NULL,'2014-07-18 10:15:03','重庆',NULL,NULL,NULL,NULL,289,'234587a9c35f4105911457e8a9243171',NULL,NULL,NULL,'0',NULL,NULL,'0',0),('e5fe833be5f24e49bff72e540db90aad',NULL,100,100000000,10000,999999,'2014-07-18 17:51:06','电子通讯设备','01140715000014',2,'黑龙江','齐齐哈尔','梅里斯达斡尔族区','2014-07-16 17:45:49','2014-07-15 09:51:06','内蒙古','乌兰察布','察哈尔右翼后旗',6,100,NULL,'234587a9c35f4105911457e8a9243171','  个古惑天堂胡同文化回武汉童话王国额外热各位好沟通和侮辱他会突然货物和他如何皇太后特务货物厚外套胡同',NULL,NULL,'0',NULL,NULL,'0',0),('f2dc1ad6ce464c3f8b9847be074b409f',NULL,NULL,NULL,NULL,NULL,'2014-07-22 14:50:10','电子通讯设备','01140715000006',0,'湖北','襄阳','襄城区','2014-07-15 15:28:47','2014-07-15 06:50:10','湖南','湘潭','湘乡市',NULL,NULL,1,'a30fe0f1ad5f4e7aaa296452d061c158','  范德萨发发热外国外网个人热为全国夫人覆盖热歌哇个人额物权法废物分起飞而恶搞饿过去恶搞全国非惹我给',NULL,NULL,'0',NULL,NULL,'0',0),('f3c405f662ec4d6e9c79b57793251dee',NULL,NULL,NULL,NULL,NULL,'2014-07-23 00:02:13','电子通讯设备','01140715000017',0,'湖北','宜昌','西陵区','2014-07-17 17:05:31','2014-07-15 16:02:13','江苏','南京','栖霞区',NULL,NULL,7,'234587a9c35f4105911457e8a9243171',' 宽裕\\n地方\\n的f废物个w过五关 \\n国务卿过任务Gregre好人获取个歌曲\\n供热个如果去个如何改恶化','0','','0',NULL,NULL,'0',0),('f5b109cbfe604f9989f1e946190e2ad1','88342c72876442c092a1db55bdec9cb3',13,1234,10,13456,'2014-07-23 20:15:33','电子通讯设备','01140716000019',1,NULL,'重庆',NULL,NULL,'2014-07-16 12:15:33',NULL,'天津',NULL,13,13,13,'223941f06f3744c0bff116b4228ae968','司机 ：刘刘',NULL,NULL,'0',NULL,NULL,'0',0),('f69c7a86a2f94cdfba205f266f794feb',NULL,NULL,NULL,NULL,NULL,'2014-07-23 16:56:37','电子通讯设备','01140716000011',0,'湖北','襄阳',NULL,NULL,'2014-07-16 08:56:37','新疆','昌吉','昌吉市',NULL,NULL,12,'21ccd29c6d504d67809b8003f58ac9d2',NULL,NULL,NULL,'0',NULL,NULL,'0',0),('fb8494555fe84a1681be01f84c51770d',NULL,NULL,NULL,NULL,NULL,'2014-07-17 20:26:30','电子通讯设备','01140714000000',2,'','台湾','台湾',NULL,'2014-07-14 12:26:30','','北京','北京',NULL,NULL,21,'f5089c26681942668244efcdc20bb869','   ',NULL,NULL,'0',NULL,NULL,'0',0),('fc2bc6816ab74ab6b490aa8e5e7ebb40',NULL,0,0,0,0,'2014-07-20 14:10:53','文体生活用品','01140715000002',2,'西藏','日喀则','日喀则市',NULL,'2014-07-15 06:10:53','新疆','阿克苏','新和县',0,0,0,'8d68653a056c4559bc5627931090d5a3',' ',NULL,NULL,'0',NULL,NULL,'0',0),('fe7704b528a5477c813b44f915c9040f','da49b14529ef45cf91be5e6a896af77c',NULL,NULL,NULL,NULL,'2014-07-20 20:36:27','纺织服鞋','01140717000009',2,'湖北','襄阳',NULL,NULL,'2014-07-17 12:36:28','广西','南宁',NULL,NULL,NULL,3,'234587a9c35f4105911457e8a9243171','产品说明接物镜哦i个，。、，、\\n辅导费  ，。、。个\\n\\n\\n\\n\\n%',NULL,NULL,'1',NULL,NULL,'0',0);
/*!40000 ALTER TABLE `goods` ENABLE KEYS */;
UNLOCK TABLES;

--
-- Table structure for table `goodsbak`
--

DROP TABLE IF EXISTS `goodsbak`;
/*!40101 SET @saved_cs_client     = @@character_set_client */;
/*!40101 SET character_set_client = utf8 */;
CREATE TABLE `goodsbak` (
  `id` varchar(128) COLLATE utf8_bin NOT NULL,
  `assigncarno` varchar(255) COLLATE utf8_bin DEFAULT NULL COMMENT '发布对象 指定车辆 [空：全部]',
  `count` int(11) DEFAULT NULL COMMENT '货物件数',
  `declaredvalue` int(11) DEFAULT NULL COMMENT '声明价值',
  `infofare` int(11) DEFAULT NULL COMMENT '信息费',
  `fare` int(11) DEFAULT NULL COMMENT '运价/费',
  `fetchdate` datetime DEFAULT NULL COMMENT '有效时间点',
  `goodsname` varchar(255) COLLATE utf8_bin DEFAULT NULL COMMENT '货物名称',
  `goodsno` varchar(255) COLLATE utf8_bin DEFAULT NULL COMMENT '货源编号',
  `goodstype` int(11) DEFAULT NULL COMMENT '货源类型',
  `originalprovince` varchar(255) COLLATE utf8_bin DEFAULT NULL COMMENT '发货地省',
  `originalcity` varchar(255) COLLATE utf8_bin DEFAULT NULL COMMENT '发货地城市',
  `originalregion` varchar(255) COLLATE utf8_bin DEFAULT NULL COMMENT '发货地区',
  `completedate` datetime DEFAULT NULL COMMENT '完成时间',
  `generatetime` timestamp NULL DEFAULT CURRENT_TIMESTAMP COMMENT '创建时间',
  `receiptprovince` varchar(255) COLLATE utf8_bin DEFAULT NULL COMMENT '收货地省',
  `receiptcity` varchar(255) COLLATE utf8_bin DEFAULT NULL COMMENT '收货地城市',
  `receiptregion` varchar(255) COLLATE utf8_bin DEFAULT NULL COMMENT '收货地区',
  `carlength` double DEFAULT NULL COMMENT '车长',
  `volume` double DEFAULT NULL COMMENT '货物体积',
  `weight` double DEFAULT NULL COMMENT '吨位 重量',
  `agentid` varchar(32) COLLATE utf8_bin DEFAULT NULL COMMENT '货代id',
  `memo` varchar(255) COLLATE utf8_bin DEFAULT NULL COMMENT '描述',
  `paystatus` char(1) COLLATE utf8_bin DEFAULT NULL COMMENT '付款方式 0货代付款，1回单付款',
  `backstatus` char(1) COLLATE utf8_bin DEFAULT NULL COMMENT '回单状态，默认null，0原件，1传真件，2扫描件',
  `shipperid` varchar(128) COLLATE utf8_bin DEFAULT NULL COMMENT '发货联系人id',
  `consigneeid` varchar(128) COLLATE utf8_bin DEFAULT NULL COMMENT '收货联系人id',
  `custom` char(1) COLLATE utf8_bin DEFAULT '0' COMMENT '公司发布的私有货源还是货代发布的货源，默认0是货代发布的货源，1是公司发布的',
  `STATUS` char(1) COLLATE utf8_bin DEFAULT '0' COMMENT '状态：0,正常；1,删除',
  PRIMARY KEY (`id`)
) ENGINE=InnoDB DEFAULT CHARSET=utf8 COLLATE=utf8_bin AVG_ROW_LENGTH=2340;
/*!40101 SET character_set_client = @saved_cs_client */;

--
-- Dumping data for table `goodsbak`
--

LOCK TABLES `goodsbak` WRITE;
/*!40000 ALTER TABLE `goodsbak` DISABLE KEYS */;
INSERT INTO `goodsbak` VALUES ('0eacf16dc7fb4cfdadf5f529dcb9e00d',NULL,1,1,1,1,'2014-07-23 14:41:38','电子通讯设备','01140716000002',0,NULL,'北京','东城区',NULL,'2014-07-16 06:41:38',NULL,'上海','黄浦区',3,1,5,'234587a9c35f4105911457e8a9243171','工11',NULL,NULL,NULL,NULL,'0','0'),('4641553e2d1e42349ae427a4d1c1dee0',NULL,NULL,NULL,NULL,NULL,'2014-07-23 00:27:24','电子通讯设备','01140716000000',2,'江苏','无锡','南长区',NULL,'2014-07-15 16:27:24','山东','济南','天桥区',5,NULL,NULL,'a30fe0f1ad5f4e7aaa296452d061c158','11111111111111111111111111111111111111111111111111',NULL,NULL,NULL,NULL,'0','0'),('64828d2ee2dd48438a2db1e37525373f',NULL,NULL,99999999,9999,999999,'2014-07-22 14:08:22','电子通讯设备','01140714000002',2,NULL,'天津',NULL,NULL,'2014-07-15 06:08:22',NULL,'重庆',NULL,NULL,NULL,10,'234587a9c35f4105911457e8a9243171','     ',NULL,NULL,NULL,NULL,'0','0'),('819b9d27d7f94a6fbdb630285ebdaead',NULL,NULL,NULL,NULL,NULL,'2014-07-24 14:15:29','家具','01140717000002',2,'湖北','襄阳',NULL,NULL,'2014-07-17 06:15:30','湖南','衡阳','衡阳县',NULL,NULL,8,'234587a9c35f4105911457e8a9243171','家具家具\\n测试数据',NULL,NULL,NULL,NULL,'0','0');
/*!40000 ALTER TABLE `goodsbak` ENABLE KEYS */;
UNLOCK TABLES;

--
-- Table structure for table `mycars`
--

DROP TABLE IF EXISTS `mycars`;
/*!40101 SET @saved_cs_client     = @@character_set_client */;
/*!40101 SET character_set_client = utf8 */;
CREATE TABLE `mycars` (
  `id` varchar(128) COLLATE utf8_bin NOT NULL,
  `agentid` varchar(128) COLLATE utf8_bin DEFAULT NULL,
  `carid` varchar(128) COLLATE utf8_bin DEFAULT NULL,
  `generatetime` timestamp NOT NULL DEFAULT CURRENT_TIMESTAMP,
  `type` char(1) COLLATE utf8_bin NOT NULL DEFAULT '0' COMMENT '0收藏,1交易过,2,手动新增',
  PRIMARY KEY (`id`)
) ENGINE=InnoDB DEFAULT CHARSET=utf8 COLLATE=utf8_bin AVG_ROW_LENGTH=585;
/*!40101 SET character_set_client = @saved_cs_client */;

--
-- Dumping data for table `mycars`
--

LOCK TABLES `mycars` WRITE;
/*!40000 ALTER TABLE `mycars` DISABLE KEYS */;
INSERT INTO `mycars` VALUES ('02a3499f55c748459db5299ff4315cc0','a30fe0f1ad5f4e7aaa296452d061c158','a28db695e0984b108302d358a61a7c31','2014-07-15 06:46:56','0'),('0857e80daa714d81abdc827bbd1c23e4','234587a9c35f4105911457e8a9243171','da49b14529ef45cf91be5e6a896af77c','2014-07-17 12:23:32','0'),('10ca4ba47c70417483f0c7bc67c1ebf7','234587a9c35f4105911457e8a9243171','3cd89855681d43c5a3c6b4ce6536a651','2014-07-16 07:25:33','0'),('321d2d811d9643ea89c049df6fdce67d','234587a9c35f4105911457e8a9243171','f98e9abbdf484048910175c77b920c56','2014-07-14 13:41:46','1'),('3676568e89a7444c9d8fb86934471df3','8d68653a056c4559bc5627931090d5a3','f13027eb8baf43d595f30b8e74e23e07','2014-07-15 08:31:43','0'),('4439dcebe98e4a30ac1c4b7d8240b23e','8d68653a056c4559bc5627931090d5a3','a28db695e0984b108302d358a61a7c31','2014-07-15 08:31:48','0'),('493c292db6e045b38a6f2463f36bf313','f5089c26681942668244efcdc20bb869','2441c2a24a144f1597d0ec9d00013bab','2014-07-16 08:41:02','1'),('5a3a1cca5d6f454d8ed96dd1be00339a','a30fe0f1ad5f4e7aaa296452d061c158','f13027eb8baf43d595f30b8e74e23e07','2014-07-15 06:46:55','0'),('5c65b4df9c3641b88de261005c4bdd3c','8d68653a056c4559bc5627931090d5a3','2441c2a24a144f1597d0ec9d00013bab','2014-07-16 08:06:46','1'),('5c8d3dbc17c34dd097f90be9a987e5d1','a30fe0f1ad5f4e7aaa296452d061c158','2441c2a24a144f1597d0ec9d00013bab','2014-07-16 08:11:29','1'),('687c1b4908fc4820ab931eab38267acc','234587a9c35f4105911457e8a9243171','a462cbe123884d508248003e4d31a1e9','2014-07-18 07:36:33','0'),('71d9353cbe7f4345af0d4a4eb46532c2','234587a9c35f4105911457e8a9243171','62c2a22b822549af8aef1cb86f154513','2014-07-16 06:40:34','0'),('85af62cb3378488698bf9a7a8e06eef0','a30fe0f1ad5f4e7aaa296452d061c158','3cd89855681d43c5a3c6b4ce6536a651','2014-07-15 06:46:57','0'),('97f756706110414a800597359d46a6e5','a30fe0f1ad5f4e7aaa296452d061c158','62c2a22b822549af8aef1cb86f154513','2014-07-15 06:46:54','0'),('9a044843337e4533b8165871436947e5','a30fe0f1ad5f4e7aaa296452d061c158','f98e9abbdf484048910175c77b920c56','2014-07-15 06:46:51','0'),('a2568be2ed3b4235bfac3094d216ebe5','a30fe0f1ad5f4e7aaa296452d061c158','da49b14529ef45cf91be5e6a896af77c','2014-07-15 06:46:53','0'),('ad111d5798d047a0b5bb84dff17f20ef','6203a64124174f9e9c6c1adbef7e75a0','2441c2a24a144f1597d0ec9d00013bab','2014-07-16 08:03:01','1'),('b43c09b49f4d4d3aa8915ad54ac6907c','f5089c26681942668244efcdc20bb869','9b1099c208cb41139296ddc7754d8a32','2014-07-14 12:22:06','0'),('b495a04aadde406abc40f8ba87a6f45b','21ccd29c6d504d67809b8003f58ac9d2','2441c2a24a144f1597d0ec9d00013bab','2014-07-16 08:43:52','1'),('bbf6a30f3a7d4d508b5871cda68e5873','234587a9c35f4105911457e8a9243171','88342c72876442c092a1db55bdec9cb3','2014-07-16 06:40:29','0'),('bf7bc59193f04a568beeaf063a823bd5','234587a9c35f4105911457e8a9243171','2441c2a24a144f1597d0ec9d00013bab','2014-07-16 08:09:25','1'),('da47c131e7cb46d79386b9fb3498bc5a','223941f06f3744c0bff116b4228ae968','f98e9abbdf484048910175c77b920c56','2014-07-16 11:42:49','0'),('ea27bc9b84f1429bad2841e26e4b3479','8d68653a056c4559bc5627931090d5a3','62c2a22b822549af8aef1cb86f154513','2014-07-15 06:11:31','0'),('fb2925aa2a614383801106e4a2818e45','234587a9c35f4105911457e8a9243171','af87d868e0114fc6ac78c43ac5d46f51','2014-07-18 09:48:07','0');
/*!40000 ALTER TABLE `mycars` ENABLE KEYS */;
UNLOCK TABLES;

--
-- Table structure for table `mygoods`
--

DROP TABLE IF EXISTS `mygoods`;
/*!40101 SET @saved_cs_client     = @@character_set_client */;
/*!40101 SET character_set_client = utf8 */;
CREATE TABLE `mygoods` (
  `id` varchar(128) COLLATE utf8_bin NOT NULL,
  `generatetime` timestamp NULL DEFAULT CURRENT_TIMESTAMP,
  `type` int(11) NOT NULL,
  `agentid` varchar(128) COLLATE utf8_bin DEFAULT NULL,
  `carid` varchar(128) COLLATE utf8_bin DEFAULT NULL,
  `goodsid` varchar(128) COLLATE utf8_bin DEFAULT NULL,
  `priseid` varchar(128) COLLATE utf8_bin DEFAULT NULL COMMENT '公司id',
  PRIMARY KEY (`id`),
  KEY `FK5A61352A394E8967` (`carid`),
  KEY `FK5A61352AB6106EB` (`goodsid`),
  KEY `FK5A61352ABF742E89` (`agentid`)
) ENGINE=InnoDB DEFAULT CHARSET=utf8 COLLATE=utf8_bin AVG_ROW_LENGTH=356;
/*!40101 SET character_set_client = @saved_cs_client */;

--
-- Dumping data for table `mygoods`
--

LOCK TABLES `mygoods` WRITE;
/*!40000 ALTER TABLE `mygoods` DISABLE KEYS */;
INSERT INTO `mygoods` VALUES ('17f9645975b745f68c95c53c564909a6','2014-07-15 12:40:33',1,'234587a9c35f4105911457e8a9243171',NULL,'25c6ae2f8ed74de585c40400077051c1',NULL),('262b49c7379e477c8033f85a8b24c7a2','2014-07-14 12:39:24',1,'234587a9c35f4105911457e8a9243171',NULL,'6678b39869194d8daed52665c7c2c682',NULL),('2782c80494e843b3b998d97c4191f555','2014-07-16 10:15:31',1,'223941f06f3744c0bff116b4228ae968',NULL,'706b95a5560741509511fa5c152a4cd3',NULL),('2c666c08157f4b6ba8907e3a649637a4','2014-07-16 10:15:36',1,'223941f06f3744c0bff116b4228ae968',NULL,'f69c7a86a2f94cdfba205f266f794feb',NULL),('395f76fd796d4663ac4ca1dbc2a9a3ab','2014-07-16 09:48:56',0,NULL,'f13027eb8baf43d595f30b8e74e23e07','af859c1b806949a5957b43e3dab15e52',NULL),('46c39ac2deab47679106779f332f5a04','2014-07-15 12:40:36',1,'234587a9c35f4105911457e8a9243171',NULL,'98cf535846e4411990ce233e1f9ce6c4',NULL),('4f7b4b8fe16c4bf89a8e7defdc3ef7c7','2014-07-16 13:37:37',2,NULL,NULL,'6da377e890024c0789abfaa5d6401614','6f70a9a0d9d24f14ad87d00d7fd0d3b1'),('575ed00d022d47e7b90f31f7a0356f6b','2014-07-14 13:16:15',1,'f5089c26681942668244efcdc20bb869',NULL,'36aaec2a27ac4c36a2f09b26ec37e358',NULL),('5820af966cd14044bcff78590488b6fb','2014-07-14 09:42:15',1,'a30fe0f1ad5f4e7aaa296452d061c158',NULL,'1cac0ec0a47b453fa7f8cbacebee7bd1',NULL),('5aae716f880646c4a30bc54d9fe067a9','2014-07-16 09:44:30',0,NULL,'f13027eb8baf43d595f30b8e74e23e07','e5fe833be5f24e49bff72e540db90aad',NULL),('6b07924f4fb8455dac17da1a36381c40','2014-07-16 12:20:30',1,'223941f06f3744c0bff116b4228ae968',NULL,'25c6ae2f8ed74de585c40400077051c1',NULL),('7850e4e51ed2424ab3ee50866f317804','2014-07-16 12:38:00',1,'223941f06f3744c0bff116b4228ae968',NULL,'12362b77497349b68d50a115dfd3a923',NULL),('8a829d0efbd444e68af2d7d985a4bf2d','2014-07-15 08:41:40',1,'a30fe0f1ad5f4e7aaa296452d061c158',NULL,'36aaec2a27ac4c36a2f09b26ec37e358',NULL),('92c87165c018402aab59c9dd553b36c7','2014-07-15 12:21:07',1,'234587a9c35f4105911457e8a9243171',NULL,'1df5d630e20445a08639f0fcf0d7fab1',NULL),('9569544d33eb4c14bb80a80153810306','2014-07-16 11:41:33',1,'a30fe0f1ad5f4e7aaa296452d061c158',NULL,'0eacf16dc7fb4cfdadf5f529dcb9e00d',NULL),('984fe1be98bd46c0951f807a1eb90607','2014-07-17 06:57:15',0,NULL,'af87d868e0114fc6ac78c43ac5d46f51','819b9d27d7f94a6fbdb630285ebdaead',NULL),('a8963d744836434a9733b4e8cac081d6','2014-07-15 06:14:40',1,'8d68653a056c4559bc5627931090d5a3',NULL,'80bbc72827c04c11b82bff228c5b81f8',NULL),('a947031e8b914b1489ea26f971831e81','2014-07-18 06:39:09',0,NULL,'af87d868e0114fc6ac78c43ac5d46f51','932338110a464ba8ab27e509944d8819',NULL),('b3d79288852b4cff992a525255c77f76','2014-07-14 12:39:28',1,'234587a9c35f4105911457e8a9243171',NULL,'5ea9d87ca4b64eeb932fa57c35487ec3',NULL),('c6cdb593d7ae406690dd9b4cb0ba16cb','2014-07-15 12:40:42',1,'234587a9c35f4105911457e8a9243171',NULL,'989d5faf7ae443de98625d0a0ab48460',NULL),('d14aa8dba69349f2add3c9b3dba36c1d','2014-07-16 10:01:52',0,NULL,'f98e9abbdf484048910175c77b920c56','4641553e2d1e42349ae427a4d1c1dee0',NULL),('d7d06a4935a64b7bbbd73482117d40c5','2014-07-16 10:15:34',1,'223941f06f3744c0bff116b4228ae968',NULL,'7081d4430bd640d088f546a62ba8bcef',NULL),('e01098120a464758a00b7ce041c3382b','2014-07-18 06:11:58',1,'21ccd29c6d504d67809b8003f58ac9d2',NULL,'b42bbb7bced04604952dac4c1bd3bbdd',NULL),('e4ef43d372f44229bc5b7ebc0ff43d23','2014-07-16 13:37:36',2,NULL,NULL,'86739bb640244dcd89d6c314d518b01a','6f70a9a0d9d24f14ad87d00d7fd0d3b1'),('e691cb9254184996a45b4ffd76f9645c','2014-07-16 12:16:14',0,NULL,'88342c72876442c092a1db55bdec9cb3','f5b109cbfe604f9989f1e946190e2ad1',NULL),('fd5be9c01505480b801b8c35bf595fd9','2014-07-14 12:39:26',1,'234587a9c35f4105911457e8a9243171',NULL,'a26a74fa040a431fa2fe0eca92c71eca',NULL),('ff7f310d19a742469dc4f4ee4fbe9da2','2014-07-15 08:31:52',1,'8d68653a056c4559bc5627931090d5a3',NULL,'1243d6e237ee44c8a388753e93336b67',NULL);
/*!40000 ALTER TABLE `mygoods` ENABLE KEYS */;
UNLOCK TABLES;

--
-- Table structure for table `noticeinfo`
--

DROP TABLE IF EXISTS `noticeinfo`;
/*!40101 SET @saved_cs_client     = @@character_set_client */;
/*!40101 SET character_set_client = utf8 */;
CREATE TABLE `noticeinfo` (
  `id` varchar(125) COLLATE utf8_bin DEFAULT NULL,
  `content` varchar(1024) COLLATE utf8_bin DEFAULT NULL COMMENT '内容',
  `generatetime` timestamp NULL DEFAULT CURRENT_TIMESTAMP COMMENT '创建时间',
  `url` varchar(1024) COLLATE utf8_bin DEFAULT NULL COMMENT '链接地址',
  `validity` decimal(10,1) DEFAULT NULL COMMENT '有效天数',
  `senderId` varchar(125) COLLATE utf8_bin DEFAULT NULL COMMENT '发送人id',
  `status` char(1) COLLATE utf8_bin DEFAULT NULL COMMENT '状态',
  `expirationDate` datetime DEFAULT NULL COMMENT '失效日期',
  `receiverId` varchar(255) COLLATE utf8_bin DEFAULT NULL COMMENT '接收人id',
  `receiverType` varchar(255) COLLATE utf8_bin DEFAULT NULL COMMENT '0-全部,1-司机,2-货代,3-指定接收人'
) ENGINE=InnoDB DEFAULT CHARSET=utf8 COLLATE=utf8_bin COMMENT='公告通知';
/*!40101 SET character_set_client = @saved_cs_client */;

--
-- Dumping data for table `noticeinfo`
--

LOCK TABLES `noticeinfo` WRITE;
/*!40000 ALTER TABLE `noticeinfo` DISABLE KEYS */;
/*!40000 ALTER TABLE `noticeinfo` ENABLE KEYS */;
UNLOCK TABLES;

--
-- Table structure for table `orders`
--

DROP TABLE IF EXISTS `orders`;
/*!40101 SET @saved_cs_client     = @@character_set_client */;
/*!40101 SET character_set_client = utf8 */;
CREATE TABLE `orders` (
  `id` varchar(128) COLLATE utf8_bin NOT NULL,
  `completetime` datetime DEFAULT NULL COMMENT '订单完成时间',
  `generatetime` timestamp NULL DEFAULT CURRENT_TIMESTAMP,
  `orderno` varchar(255) COLLATE utf8_bin DEFAULT NULL COMMENT '订单编号',
  `status` char(2) COLLATE utf8_bin DEFAULT NULL COMMENT '订单状态',
  `agentid` varchar(128) COLLATE utf8_bin DEFAULT NULL COMMENT '货代id',
  `carid` varchar(128) COLLATE utf8_bin DEFAULT NULL COMMENT '司机id',
  `goodsid` varchar(128) COLLATE utf8_bin DEFAULT NULL COMMENT '货源id',
  `consigneeid` varchar(32) COLLATE utf8_bin DEFAULT NULL COMMENT '收货人',
  `shipperid` varchar(32) COLLATE utf8_bin DEFAULT NULL COMMENT '发货人',
  `photo` varchar(255) COLLATE utf8_bin DEFAULT NULL COMMENT '图片地址',
  `leavelocation` varchar(255) COLLATE utf8_bin DEFAULT NULL COMMENT '揽货时的坐标字段',
  `memo` varchar(255) COLLATE utf8_bin DEFAULT NULL COMMENT '拒签信息',
  `signtime` datetime DEFAULT NULL COMMENT '签收拒签时间',
  `type` char(1) COLLATE utf8_bin DEFAULT '0' COMMENT '判断是否删除,0是未做删除操作,1是货代删除,2是司机删除',
  `refusal` char(1) COLLATE utf8_bin DEFAULT NULL COMMENT '拒签理由',
  `ordercustom` char(1) COLLATE utf8_bin DEFAULT '0' COMMENT '标识是个人货代订单还是公司订单，默认0是个人货代',
  `priseid` varchar(128) COLLATE utf8_bin DEFAULT NULL COMMENT '公司id',
  `weight` double DEFAULT NULL COMMENT '吨位',
  `volume` double DEFAULT NULL COMMENT '容积',
  `goodscustom` char(1) COLLATE utf8_bin DEFAULT '0' COMMENT '标识是公共货源订单还是自有货源订单，默认0是公共货源订单',
  PRIMARY KEY (`id`),
  KEY `FKC3DF62E5394E8967` (`carid`),
  KEY `FKC3DF62E5B6106EB` (`goodsid`),
  KEY `FKC3DF62E5BF742E89` (`agentid`)
) ENGINE=InnoDB DEFAULT CHARSET=utf8 COLLATE=utf8_bin AVG_ROW_LENGTH=341;
/*!40101 SET character_set_client = @saved_cs_client */;

--
-- Dumping data for table `orders`
--

LOCK TABLES `orders` WRITE;
/*!40000 ALTER TABLE `orders` DISABLE KEYS */;
INSERT INTO `orders` VALUES ('009917c6515d4380999cbcbdccd90e6f',NULL,'2014-07-16 14:04:04','04140716000025','-1','6f70a9a0d9d24f14ad87d00d7fd0d3b1','710d6634c6e8443da596f8440df66751','1fe4365544304e948fbe45e2b9184dec',NULL,NULL,NULL,NULL,NULL,NULL,'0',NULL,'1','6f70a9a0d9d24f14ad87d00d7fd0d3b1',1,NULL,'1'),('06101764c565411ebe6e3ccdb0986ea5',NULL,'2014-07-17 09:41:31','04140717000010','-1','6f70a9a0d9d24f14ad87d00d7fd0d3b1','10ec51fc394d47d0ae720844d2668bec','cfb9e15ff1d44d0f977810d2df05aa5e',NULL,NULL,NULL,NULL,NULL,NULL,'0',NULL,'1','6f70a9a0d9d24f14ad87d00d7fd0d3b1',0,NULL,'1'),('0f635f404f264e04aa5f8328549798ad',NULL,'2014-07-17 09:05:31','04140717000006','8','234587a9c35f4105911457e8a9243171','da49b14529ef45cf91be5e6a896af77c','f3c405f662ec4d6e9c79b57793251dee','d544a345e4594b3a9df45c99368fddef','a3f558c9e1994c74855b90387fc79229',NULL,'32.080895,112.13794',NULL,'2014-07-17 17:47:04','0','0','0',NULL,NULL,NULL,'0'),('158ccc50a49d4e9da90fda516dea8518','2014-07-16 15:36:11','2014-07-16 07:33:34','04140716000002','11','234587a9c35f4105911457e8a9243171','88342c72876442c092a1db55bdec9cb3','8ba78a0da31c41e38801482a9be3489b','9324b9710c7d4aa790ee0c1e149a50fe','001aa3870fb049e5a70185494426f8c7',NULL,'32.081651,112.138162',NULL,'2014-07-16 15:35:25','0',NULL,'0',NULL,NULL,NULL,'0'),('1a99c312aa69435293224bfb5ac422f5',NULL,'2014-07-16 12:16:19','04140716000017','2','223941f06f3744c0bff116b4228ae968','88342c72876442c092a1db55bdec9cb3','f5b109cbfe604f9989f1e946190e2ad1',NULL,NULL,NULL,NULL,NULL,NULL,'0',NULL,'0',NULL,NULL,NULL,'0'),('242ecaa0d2a44fb39123ef66dc8b3958',NULL,'2014-07-16 09:50:00','04140716000010','2','8d68653a056c4559bc5627931090d5a3','f13027eb8baf43d595f30b8e74e23e07','af859c1b806949a5957b43e3dab15e52',NULL,NULL,NULL,NULL,NULL,NULL,'0',NULL,'0',NULL,NULL,NULL,'0'),('29170005d39242f299bb9aea65b7458d',NULL,'2014-07-17 09:17:37','04140717000008','-1','6f70a9a0d9d24f14ad87d00d7fd0d3b1','710d6634c6e8443da596f8440df66751','cfb9e15ff1d44d0f977810d2df05aa5e',NULL,NULL,NULL,NULL,NULL,NULL,'0',NULL,'1','6f70a9a0d9d24f14ad87d00d7fd0d3b1',1,NULL,'1'),('293405df35604f41be4d147964535d80','2014-07-16 16:03:01','2014-07-16 07:59:22','04140716000003','11','6203a64124174f9e9c6c1adbef7e75a0','2441c2a24a144f1597d0ec9d00013bab','9491144c23864bca825df829c6ac239c','05586db1d8274f55bb2e94e4875d8fe8','74e350aa3b924a5db9fa3cd38f689fcd',NULL,'32.081603,112.138235',NULL,'2014-07-16 16:02:24','0',NULL,'0',NULL,NULL,NULL,'0'),('2bd12369175b40a29d4f68b537319c11',NULL,'2014-07-17 08:12:50','04140717000005','8','234587a9c35f4105911457e8a9243171','da49b14529ef45cf91be5e6a896af77c','4cdb2177d5874ab9aacee508f1b1800f','0c9c56efdda54b7ebdad32706c3e790b','a294f514e5bb41929a2c581b6185a059',NULL,'32.081512,112.138343',NULL,'2014-07-17 17:46:55','0','0','0',NULL,NULL,NULL,'0'),('2f14d4a1f4e24ea39b956c2d331e380b',NULL,'2014-07-15 07:28:04','04140715000000','0','a30fe0f1ad5f4e7aaa296452d061c158','CA0000090','9341e5c1a80c433989e86f9edc8c6ddd',NULL,NULL,NULL,NULL,NULL,NULL,'0',NULL,'0',NULL,NULL,NULL,'0'),('31c8a082a2e64397b2c7f6bb38cc2e49',NULL,'2014-07-16 13:57:12','04140716000024','-1','6f70a9a0d9d24f14ad87d00d7fd0d3b1','710d6634c6e8443da596f8440df66751','1fe4365544304e948fbe45e2b9184dec',NULL,NULL,NULL,NULL,NULL,NULL,'0',NULL,'1','6f70a9a0d9d24f14ad87d00d7fd0d3b1',4,NULL,'1'),('33ce6fe7e8304227a202c859d8b70398',NULL,'2014-07-16 12:17:08','04140716000018','1','223941f06f3744c0bff116b4228ae968','88342c72876442c092a1db55bdec9cb3','d37a19ddedaf43bd8c0c9614b209f25a',NULL,NULL,NULL,NULL,NULL,NULL,'0',NULL,'0',NULL,NULL,NULL,'0'),('359d7b6819974741bd39fad2ae73f05e',NULL,'2014-07-18 06:39:41','04140718000001','0','223941f06f3744c0bff116b4228ae968','af87d868e0114fc6ac78c43ac5d46f51','932338110a464ba8ab27e509944d8819',NULL,NULL,NULL,NULL,NULL,NULL,'0',NULL,'0',NULL,NULL,NULL,'0'),('368dd8c5f640497ea039a03fca0fab74','2014-07-16 16:43:52','2014-07-16 08:42:47','04140716000008','11','21ccd29c6d504d67809b8003f58ac9d2','2441c2a24a144f1597d0ec9d00013bab','33269866840b4983b020de7f40cee30e','0ad90787f1e24bb489fc0eb1f8119e94','90b75a145ce7495f975dd1f6d2974ae9',NULL,'32.081403,112.138231',NULL,'2014-07-16 16:43:38','0',NULL,'0',NULL,NULL,NULL,'0'),('37f1c71150334a389c8535c3fcd141aa',NULL,'2014-07-17 10:15:16','04140717000011','7','234587a9c35f4105911457e8a9243171','da49b14529ef45cf91be5e6a896af77c','96fbc03e3d2448a78f61c424ca67fc63','228601eda497484faa89556fa4016be6','258c9b85c37c40ca835a8db281d9ed85','http://192.168.11.136:8081/upload/order/1405599565747.png','32.081404,112.138284',NULL,'2014-07-17 20:20:01','0',NULL,'0',NULL,NULL,NULL,'0'),('4a98904d5fc54068bc7944bb4bee7ca1',NULL,'2014-07-17 09:18:08','04140717000009','-1','6f70a9a0d9d24f14ad87d00d7fd0d3b1','710d6634c6e8443da596f8440df66751','a1819bef5a614fcc9a2550e1f26a972e',NULL,NULL,NULL,NULL,NULL,NULL,'0',NULL,'1','6f70a9a0d9d24f14ad87d00d7fd0d3b1',1,NULL,'1'),('52b1080c4ce54884abd23dc400221d75',NULL,'2014-07-16 11:52:24','04140716000016','7','a30fe0f1ad5f4e7aaa296452d061c158','f98e9abbdf484048910175c77b920c56','c0218bb4a421479fb6b9f0e225761dd1','58719639b49949e4899a6ecace072a74','b61ef81cf01b4ca19edf3e3d7d4f7b91','http://192.168.11.136:8081/upload/order/1405511983895.png','32.081308,112.138161',NULL,'2014-07-16 19:59:46','0',NULL,'0',NULL,NULL,NULL,'0'),('58e8d6f914614cc793c2d1c49d4030f9',NULL,'2014-07-16 13:30:52','04140716000021','0','223941f06f3744c0bff116b4228ae968',NULL,'9eb53705bc20417db0e970c591d2ece8',NULL,NULL,NULL,NULL,NULL,NULL,'0',NULL,'1','6f70a9a0d9d24f14ad87d00d7fd0d3b1',1,1,'0'),('5e1b90f51e9a448098924f4cd3901ddf',NULL,'2014-07-17 07:48:24','04140717000004','6','234587a9c35f4105911457e8a9243171','af87d868e0114fc6ac78c43ac5d46f51','1f29111f5f3a41f8b68a8983c104cecd','a43bb43766a649189e4c02b29641465b','2d9b796a78754fbd9fbbb27b37ecceed',NULL,'32.081396,112.138321',NULL,NULL,'0',NULL,'0',NULL,NULL,NULL,'0'),('6a9477dd47d749cb82293e9893b83e78',NULL,'2014-07-17 03:30:18','04140717000000','0','8d68653a056c4559bc5627931090d5a3',NULL,'58f4f13e567a4b22b534e9c1754743c0',NULL,NULL,NULL,NULL,NULL,NULL,'0',NULL,'1','6f70a9a0d9d24f14ad87d00d7fd0d3b1',12,NULL,'0'),('714e424b6cc54abc9bc2d16b03644af2','2014-07-16 16:11:29','2014-07-16 08:10:28','04140716000006','11','a30fe0f1ad5f4e7aaa296452d061c158','2441c2a24a144f1597d0ec9d00013bab','658a4f7502ad49aba5114bfd99983689','d43bcbabe4d943599ae8e3a0879a2016','597d5a674917446aba96a306a9b7a491',NULL,'32.081272,112.138293',NULL,'2014-07-16 16:11:16','0',NULL,'0',NULL,NULL,NULL,'0'),('785531c8e6884d5cb415d773ee9c482b',NULL,'2014-07-18 03:49:09','04140718000000','2','234587a9c35f4105911457e8a9243171','af87d868e0114fc6ac78c43ac5d46f51','0b32700838ce40db80e97fa4f08911ac',NULL,NULL,NULL,NULL,NULL,NULL,'0',NULL,'0',NULL,NULL,NULL,'0'),('7b37a2faca484226a3c42ab15c0ffcaa',NULL,'2014-07-15 16:26:14','04140716000000','2','234587a9c35f4105911457e8a9243171','f98e9abbdf484048910175c77b920c56','f3c405f662ec4d6e9c79b57793251dee',NULL,NULL,NULL,NULL,NULL,NULL,'0',NULL,'0',NULL,NULL,NULL,'0'),('7bd82ddc6a8b4b2aa94d96c96dd93fc6',NULL,'2014-07-16 10:04:06','04140716000014','2','a30fe0f1ad5f4e7aaa296452d061c158','f98e9abbdf484048910175c77b920c56','4641553e2d1e42349ae427a4d1c1dee0',NULL,NULL,NULL,NULL,NULL,NULL,'0',NULL,'0',NULL,NULL,NULL,'0'),('7c472f8f4a6747cc9b82b8629e4bb181',NULL,'2014-07-15 07:28:47','04140715000001','0','a30fe0f1ad5f4e7aaa296452d061c158','CA0000090','f2dc1ad6ce464c3f8b9847be074b409f',NULL,NULL,NULL,NULL,NULL,NULL,'0',NULL,'0',NULL,NULL,NULL,'0'),('8de947b789d940f0bc5f6252e91664fb',NULL,'2014-07-16 09:52:21','04140716000011','2','234587a9c35f4105911457e8a9243171','f98e9abbdf484048910175c77b920c56','0eacf16dc7fb4cfdadf5f529dcb9e00d',NULL,NULL,NULL,NULL,NULL,NULL,'0',NULL,'0',NULL,NULL,NULL,'0'),('8def4983f5324c39ab9d4dfdfdab2a16',NULL,'2014-07-16 09:45:49','04140716000009','0','234587a9c35f4105911457e8a9243171','f13027eb8baf43d595f30b8e74e23e07','e5fe833be5f24e49bff72e540db90aad',NULL,NULL,NULL,NULL,NULL,NULL,'0',NULL,'0',NULL,NULL,NULL,'0'),('8ed986dbc4e94735879775e27b2dec72',NULL,'2014-07-16 13:32:43','04140716000022','0','a30fe0f1ad5f4e7aaa296452d061c158',NULL,'25c6ae2f8ed74de585c40400077051c1',NULL,NULL,NULL,NULL,NULL,NULL,'0',NULL,'1','6f70a9a0d9d24f14ad87d00d7fd0d3b1',4,NULL,'0'),('8fedff79a017429eb7800209ea897b4c','2014-07-17 15:00:18','2014-07-17 06:08:55','04140717000001','11','d285bb154fc6429d91285629997b17a6','a462cbe123884d508248003e4d31a1e9','3a3569a8ae05499382605ffe7327a699','42da2332f02e4a5da393e701c31aa805','aff0a9ff0ba34767b0d34dc7a450f23d',NULL,'32.081599,112.138386',NULL,'2014-07-17 15:00:06','0',NULL,'0',NULL,NULL,NULL,'0'),('9354d77d77f8487d955f8caf9824ff3e',NULL,'2014-07-16 09:54:54','04140716000012','2','234587a9c35f4105911457e8a9243171','f98e9abbdf484048910175c77b920c56','4cdb2177d5874ab9aacee508f1b1800f',NULL,NULL,NULL,NULL,NULL,NULL,'1',NULL,'0',NULL,NULL,NULL,'0'),('9495901d64354f3eb07043a3825244e9',NULL,'2014-07-16 10:16:27','04140716000015','0','f7e9dbbeb7944660a8f1bd0a19c057cd','f13027eb8baf43d595f30b8e74e23e07','706b95a5560741509511fa5c152a4cd3',NULL,NULL,NULL,NULL,NULL,NULL,'0',NULL,'0',NULL,NULL,NULL,'0'),('9e9d539c80444a45a04f48a43f6682dd',NULL,'2014-07-16 12:32:04','04140716000020','2','223941f06f3744c0bff116b4228ae968','88342c72876442c092a1db55bdec9cb3','f5b109cbfe604f9989f1e946190e2ad1',NULL,NULL,NULL,NULL,NULL,NULL,'0',NULL,'0',NULL,NULL,NULL,'0'),('ac612737bd704eceb174c7268d0dd16e','2014-07-14 21:41:46','2014-07-14 13:39:05','04140714000007','11','234587a9c35f4105911457e8a9243171','f98e9abbdf484048910175c77b920c56','4d0b8149802a4c62a32de8faf07c4587','ebbc61a437ae441e84111d15eeeb439d','67a54b2e1d1a4ee892d649d76aeaef0a','/upload/order/1405345278937.png','32.081627,112.138137',NULL,'2014-07-14 21:41:24','1',NULL,'0',NULL,NULL,NULL,'0'),('ae4562bc48c04c0fbc57bd1f9f62a53e','2014-07-16 16:41:02','2014-07-16 08:37:30','04140716000007','11','f5089c26681942668244efcdc20bb869','2441c2a24a144f1597d0ec9d00013bab','9a17a09446ef48b8a6038b89977c3129','42af7645a2d74291b15f473261ddfd66','cc57397badf64a8896d530e04b0b4c76',NULL,'32.081409,112.13822',NULL,'2014-07-16 16:40:46','0',NULL,'0',NULL,NULL,NULL,'0'),('af427ff65bcf4e439608fc98bfb08d86',NULL,'2014-07-17 07:36:37','04140717000003','2','234587a9c35f4105911457e8a9243171','af87d868e0114fc6ac78c43ac5d46f51','1f29111f5f3a41f8b68a8983c104cecd',NULL,NULL,NULL,NULL,NULL,NULL,'2',NULL,'0',NULL,NULL,NULL,'0'),('c146742c1b6a44068bb25574cdf5e5af',NULL,'2014-07-17 07:07:16','04140717000002','0','d285bb154fc6429d91285629997b17a6','a462cbe123884d508248003e4d31a1e9','138243bfd3df4bddb2e48fac65a0d1e6',NULL,NULL,NULL,NULL,NULL,NULL,'0',NULL,'0',NULL,NULL,NULL,'0'),('c5e821a971234d0c8259da2eca7d7dcb',NULL,'2014-07-16 12:17:18','04140716000019','1','a30fe0f1ad5f4e7aaa296452d061c158','88342c72876442c092a1db55bdec9cb3','6ee2d4e9bc5f4d3096e4d86600e132d8',NULL,NULL,NULL,NULL,NULL,NULL,'0',NULL,'0',NULL,NULL,NULL,'0'),('ca8a7a6a2d574e31b02d5a722dbba864',NULL,'2014-07-15 16:26:39','04140716000001','8','a30fe0f1ad5f4e7aaa296452d061c158','f98e9abbdf484048910175c77b920c56','2e04289d20434ca18e58ebfb81cb3d68','050c497e7cce4ae4b29604d7d2f2ca62','ee0302dab49341fc80b14e6fd9b743f1',NULL,'32.081539,112.138278',NULL,'2014-07-16 19:33:27','0','1','0',NULL,NULL,NULL,'0'),('d756cf2164674ecaa361b7616d2eb9ac','2014-07-16 16:06:46','2014-07-16 08:05:23','04140716000004','11','8d68653a056c4559bc5627931090d5a3','2441c2a24a144f1597d0ec9d00013bab','8c9c6cdfb04446009d90cd0ba485b347','1d1cdfb9684d4909a7cb8fd69242aaca','6d9a820661da40b4a8d545fbfdccb5fe',NULL,'32.081882,112.138442',NULL,'2014-07-16 16:06:36','0',NULL,'0',NULL,NULL,NULL,'0'),('f0c98e25c6754dc1bcf6ef0762b16fd2','2014-07-16 16:09:25','2014-07-16 08:08:11','04140716000005','11','234587a9c35f4105911457e8a9243171','2441c2a24a144f1597d0ec9d00013bab','314a614713b741008cc6e7cce41ed0ad','99f6029572a04984a3413400ecba94f4','0c052147e1d84c68961206d54c6be377',NULL,'32.081628,112.138242',NULL,'2014-07-16 16:09:09','0',NULL,'0',NULL,NULL,NULL,'0'),('fa4fb6d18ef541e2a156bd64ab1c3ddd',NULL,'2014-07-17 09:16:58','04140717000007','-1','6f70a9a0d9d24f14ad87d00d7fd0d3b1','710d6634c6e8443da596f8440df66751','cfb9e15ff1d44d0f977810d2df05aa5e',NULL,NULL,NULL,NULL,NULL,NULL,'0',NULL,'1','6f70a9a0d9d24f14ad87d00d7fd0d3b1',2,NULL,'1'),('fb649218404b41d1925b451361ae2091','2014-07-16 18:03:47','2014-07-16 10:00:59','04140716000013','11','8d68653a056c4559bc5627931090d5a3','f13027eb8baf43d595f30b8e74e23e07','af859c1b806949a5957b43e3dab15e52','b2d11a402108472982f64bdafc29b85d','2066beddd39541e4aca91896fb0b2049',NULL,'32.081338,112.13828',NULL,'2014-07-16 18:03:38','0',NULL,'0',NULL,NULL,NULL,'0'),('ff85a92d3d0e45f68b55d153a66fd6bf',NULL,'2014-07-16 13:32:47','04140716000023','2','223941f06f3744c0bff116b4228ae968',NULL,'62a6beb4286c4044bad3da2445b1a3ed',NULL,NULL,NULL,NULL,NULL,NULL,'0',NULL,'1','6f70a9a0d9d24f14ad87d00d7fd0d3b1',4,4,'0');
/*!40000 ALTER TABLE `orders` ENABLE KEYS */;
UNLOCK TABLES;

--
-- Table structure for table `ordersbak`
--

DROP TABLE IF EXISTS `ordersbak`;
/*!40101 SET @saved_cs_client     = @@character_set_client */;
/*!40101 SET character_set_client = utf8 */;
CREATE TABLE `ordersbak` (
  `id` varchar(128) COLLATE utf8_bin NOT NULL,
  `completetime` datetime DEFAULT NULL COMMENT '订单完成时间',
  `generatetime` timestamp NULL DEFAULT CURRENT_TIMESTAMP,
  `orderno` varchar(255) COLLATE utf8_bin DEFAULT NULL COMMENT '订单编号',
  `status` char(2) COLLATE utf8_bin DEFAULT NULL COMMENT '订单状态',
  `agentid` varchar(128) COLLATE utf8_bin DEFAULT NULL COMMENT '货代id',
  `carid` varchar(128) COLLATE utf8_bin DEFAULT NULL COMMENT '司机id',
  `goodsid` varchar(128) COLLATE utf8_bin DEFAULT NULL COMMENT '货源id',
  `consigneeid` varchar(32) COLLATE utf8_bin DEFAULT NULL COMMENT '收货人',
  `shipperid` varchar(32) COLLATE utf8_bin DEFAULT NULL COMMENT '发货人',
  `photo` varchar(255) COLLATE utf8_bin DEFAULT NULL COMMENT '图片地址',
  `leavelocation` varchar(255) COLLATE utf8_bin DEFAULT NULL COMMENT '揽货时的坐标字段',
  `memo` varchar(255) COLLATE utf8_bin DEFAULT NULL COMMENT '拒签信息',
  `signtime` datetime DEFAULT NULL COMMENT '签收拒签时间',
  `type` char(1) COLLATE utf8_bin DEFAULT '0' COMMENT '判断是否删除,0是未做删除操作,1是货代删除,2是司机删除',
  `ordercustom` char(1) COLLATE utf8_bin DEFAULT '0' COMMENT '标识是个人货代订单还是公司订单，默认0是个人货代',
  `priseid` varchar(128) COLLATE utf8_bin DEFAULT NULL COMMENT '公司id',
  `weight` double DEFAULT NULL COMMENT '吨位',
  `volume` double DEFAULT NULL COMMENT '容积',
  `goodscustom` char(1) COLLATE utf8_bin DEFAULT '0' COMMENT '标识是公共货源订单还是自有货源订单，默认0是公共货源订单',
  PRIMARY KEY (`id`)
) ENGINE=InnoDB DEFAULT CHARSET=utf8 COLLATE=utf8_bin;
/*!40101 SET character_set_client = @saved_cs_client */;

--
-- Dumping data for table `ordersbak`
--

LOCK TABLES `ordersbak` WRITE;
/*!40000 ALTER TABLE `ordersbak` DISABLE KEYS */;
/*!40000 ALTER TABLE `ordersbak` ENABLE KEYS */;
UNLOCK TABLES;

--
-- Table structure for table `ordersoperation`
--

DROP TABLE IF EXISTS `ordersoperation`;
/*!40101 SET @saved_cs_client     = @@character_set_client */;
/*!40101 SET character_set_client = utf8 */;
CREATE TABLE `ordersoperation` (
  `id` varchar(128) COLLATE utf8_bin DEFAULT NULL,
  `status` tinyint(4) DEFAULT NULL,
  `orderid` varchar(128) COLLATE utf8_bin DEFAULT NULL,
  `generatetime` timestamp NULL DEFAULT CURRENT_TIMESTAMP,
  `currentlocation` varchar(255) COLLATE utf8_bin DEFAULT NULL,
  `localcity` varchar(255) COLLATE utf8_bin DEFAULT NULL,
  `orderno` varchar(255) COLLATE utf8_bin DEFAULT NULL,
  KEY `FKCordersoperation_orderid` (`orderid`)
) ENGINE=InnoDB DEFAULT CHARSET=utf8 COLLATE=utf8_bin AVG_ROW_LENGTH=381;
/*!40101 SET character_set_client = @saved_cs_client */;

--
-- Dumping data for table `ordersoperation`
--

LOCK TABLES `ordersoperation` WRITE;
/*!40000 ALTER TABLE `ordersoperation` DISABLE KEYS */;
INSERT INTO `ordersoperation` VALUES ('440a76854e9844038eaac3635530520f',0,'ac612737bd704eceb174c7268d0dd16e','2014-07-14 13:39:05',NULL,NULL,'04140714000007'),('addfa098b281436f98ca378da6dc841e',1,'ac612737bd704eceb174c7268d0dd16e','2014-07-14 13:41:02','32.081627,112.138137','襄阳市',NULL),('96a829dbf55a4d5fb1bf090062cb4b13',2,'ac612737bd704eceb174c7268d0dd16e','2014-07-14 13:41:02','32.081627,112.138137','襄阳市',NULL),('c573024000194115962e786e460537d0',3,'ac612737bd704eceb174c7268d0dd16e','2014-07-14 13:41:02','32.081627,112.138137','襄阳市',NULL),('839bfe6b4399426d964b74251e3ad21b',4,'ac612737bd704eceb174c7268d0dd16e','2014-07-14 13:41:02','32.081627,112.138137','襄阳市',NULL),('915d914229694fceb9ba81d5d35beb60',5,'ac612737bd704eceb174c7268d0dd16e','2014-07-14 13:41:24',NULL,NULL,NULL),('f2cd6029a2dd4f8597eea61f6de0ecca',0,'2f14d4a1f4e24ea39b956c2d331e380b','2014-07-15 07:28:04',NULL,NULL,'04140715000000'),('664a42887c34404eab00e22bf2819801',0,'7c472f8f4a6747cc9b82b8629e4bb181','2014-07-15 07:28:47',NULL,NULL,'04140715000001'),('35677a231d1e41cfba98694c6a1a74a7',0,'7b37a2faca484226a3c42ab15c0ffcaa','2014-07-15 16:26:14',NULL,NULL,'04140716000000'),('8c2f79bdab174908a2ce924f56cddf66',0,'ca8a7a6a2d574e31b02d5a722dbba864','2014-07-15 16:26:39',NULL,NULL,'04140716000001'),('63da09c1b87c4a6292dfb21aac0a37b1',0,'158ccc50a49d4e9da90fda516dea8518','2014-07-16 07:33:34',NULL,NULL,'04140716000002'),('0e400b534e744217974e997d5c90a800',1,'158ccc50a49d4e9da90fda516dea8518','2014-07-16 07:35:11','32.081651,112.138162','襄阳市',NULL),('46961c9c999f4084892f4951586c46d1',2,'158ccc50a49d4e9da90fda516dea8518','2014-07-16 07:35:11','32.081651,112.138162','襄阳市',NULL),('726d89163f43484ca242241c4493ee3e',3,'158ccc50a49d4e9da90fda516dea8518','2014-07-16 07:35:11','32.081651,112.138162','襄阳市',NULL),('0b36bbd85a754909922403ee55296af0',4,'158ccc50a49d4e9da90fda516dea8518','2014-07-16 07:35:11','32.081651,112.138162','襄阳市',NULL),('7faad4e59631427b87f358e93f4a80b1',5,'158ccc50a49d4e9da90fda516dea8518','2014-07-16 07:35:25',NULL,NULL,NULL),('75e9448aeaec4583b9136243c0466931',0,'293405df35604f41be4d147964535d80','2014-07-16 07:59:22',NULL,NULL,'04140716000003'),('9ae1f5090b274d8395f276ab546bb943',1,'293405df35604f41be4d147964535d80','2014-07-16 08:02:16','32.081603,112.138235','襄阳市',NULL),('82e90af0826f4665937235c83e5797b6',2,'293405df35604f41be4d147964535d80','2014-07-16 08:02:16','32.081603,112.138235','襄阳市',NULL),('3c809b57786f4c5ab08103c911585466',3,'293405df35604f41be4d147964535d80','2014-07-16 08:02:16','32.081603,112.138235','襄阳市',NULL),('d3a576bd985d4f58b1ced1ec85f572cb',4,'293405df35604f41be4d147964535d80','2014-07-16 08:02:17','32.081603,112.138235','襄阳市',NULL),('db87da7fc9a943fd818b756a51257dea',5,'293405df35604f41be4d147964535d80','2014-07-16 08:02:24',NULL,NULL,NULL),('1286ec4b72a44ff8923e07b037469f0c',0,'d756cf2164674ecaa361b7616d2eb9ac','2014-07-16 08:05:23',NULL,NULL,'04140716000004'),('d72da00f883b44b0b6ea6e624cf7d69c',1,'d756cf2164674ecaa361b7616d2eb9ac','2014-07-16 08:06:31','32.081882,112.138442','襄阳市',NULL),('1407ddedf5ab423e96b6ef580140f8c4',2,'d756cf2164674ecaa361b7616d2eb9ac','2014-07-16 08:06:31','32.081882,112.138442','襄阳市',NULL),('f0a1c6a23d5b4e768c97d9562653d4ab',3,'d756cf2164674ecaa361b7616d2eb9ac','2014-07-16 08:06:31','32.081882,112.138442','襄阳市',NULL),('c8276079bf3244c8a776276b18869582',4,'d756cf2164674ecaa361b7616d2eb9ac','2014-07-16 08:06:31','32.081882,112.138442','襄阳市',NULL),('3a39a7fd6e6940cc9f3c41aebe154e8b',5,'d756cf2164674ecaa361b7616d2eb9ac','2014-07-16 08:06:36',NULL,NULL,NULL),('e73442caa54d4df5b43b9ca568b4e092',0,'f0c98e25c6754dc1bcf6ef0762b16fd2','2014-07-16 08:08:11',NULL,NULL,'04140716000005'),('8ecbf08f8fff4ccfbe23756c24112edd',1,'f0c98e25c6754dc1bcf6ef0762b16fd2','2014-07-16 08:09:05','32.081628,112.138242','襄阳市',NULL),('f22e9e80439e4268a0d1c5dd534929b0',2,'f0c98e25c6754dc1bcf6ef0762b16fd2','2014-07-16 08:09:05','32.081628,112.138242','襄阳市',NULL),('e2a8204d215b49c49fc631fad65371b0',3,'f0c98e25c6754dc1bcf6ef0762b16fd2','2014-07-16 08:09:05','32.081628,112.138242','襄阳市',NULL),('bd2ed22a434b467a9d085122a22f9d26',4,'f0c98e25c6754dc1bcf6ef0762b16fd2','2014-07-16 08:09:05','32.081628,112.138242','襄阳市',NULL),('bb27f30197db4da88e24d1969a6e7859',5,'f0c98e25c6754dc1bcf6ef0762b16fd2','2014-07-16 08:09:09',NULL,NULL,NULL),('af6ebd95b76b4cfa98739c17bc4986a6',0,'714e424b6cc54abc9bc2d16b03644af2','2014-07-16 08:10:28',NULL,NULL,'04140716000006'),('e6b91b3efd2e4dafb0f0f2a291c096fe',1,'714e424b6cc54abc9bc2d16b03644af2','2014-07-16 08:11:13','32.081272,112.138293','襄阳市',NULL),('f5514357ed974d56b8183021b9141b6d',2,'714e424b6cc54abc9bc2d16b03644af2','2014-07-16 08:11:13','32.081272,112.138293','襄阳市',NULL),('a714b57fb76d4405ba82e99acb83a004',3,'714e424b6cc54abc9bc2d16b03644af2','2014-07-16 08:11:13','32.081272,112.138293','襄阳市',NULL),('f0e6b0c48bb0435eafa0f7b0881d6c9c',4,'714e424b6cc54abc9bc2d16b03644af2','2014-07-16 08:11:13','32.081272,112.138293','襄阳市',NULL),('75a8d27be73b4d49a798a449b274d013',5,'714e424b6cc54abc9bc2d16b03644af2','2014-07-16 08:11:16',NULL,NULL,NULL),('6cfb963932864a79a4e17b9c7065a3a5',0,'ae4562bc48c04c0fbc57bd1f9f62a53e','2014-07-16 08:37:30',NULL,NULL,'04140716000007'),('0b00333b874a4db5baf07280010019e9',1,'ae4562bc48c04c0fbc57bd1f9f62a53e','2014-07-16 08:40:39','32.081409,112.13822','襄阳市',NULL),('36fe5ce3691e40f2bc3e8997e3c8dace',2,'ae4562bc48c04c0fbc57bd1f9f62a53e','2014-07-16 08:40:39','32.081409,112.13822','襄阳市',NULL),('a2558077266e4140966c333d4d630ab1',3,'ae4562bc48c04c0fbc57bd1f9f62a53e','2014-07-16 08:40:39','32.081409,112.13822','襄阳市',NULL),('640186c402f4484c9cfafec728242420',4,'ae4562bc48c04c0fbc57bd1f9f62a53e','2014-07-16 08:40:40','32.081409,112.13822','襄阳市',NULL),('c1d527a920f049d891bfac13cd58433f',5,'ae4562bc48c04c0fbc57bd1f9f62a53e','2014-07-16 08:40:47',NULL,NULL,NULL),('d2550fe0138b43eeac934e0bf0e7a49b',0,'368dd8c5f640497ea039a03fca0fab74','2014-07-16 08:42:47',NULL,NULL,'04140716000008'),('5652b652760249b1b3ef95dafb774621',1,'368dd8c5f640497ea039a03fca0fab74','2014-07-16 08:43:34','32.081403,112.138231','襄阳市',NULL),('e27b79bb05d3457982a8150827052326',2,'368dd8c5f640497ea039a03fca0fab74','2014-07-16 08:43:34','32.081403,112.138231','襄阳市',NULL),('6fcf09f6b7a54d45b967743d9f967962',3,'368dd8c5f640497ea039a03fca0fab74','2014-07-16 08:43:34','32.081403,112.138231','襄阳市',NULL),('27c8e553ad0a434086a19dba90d79923',4,'368dd8c5f640497ea039a03fca0fab74','2014-07-16 08:43:34','32.081403,112.138231','襄阳市',NULL),('bf108d4ebec7441b9f78100526bd2258',5,'368dd8c5f640497ea039a03fca0fab74','2014-07-16 08:43:38',NULL,NULL,NULL),('24073366b8684c05901623c65f11a96f',0,'8def4983f5324c39ab9d4dfdfdab2a16','2014-07-16 09:45:49',NULL,NULL,'04140716000009'),('505bbeb73c5944d0b9fc82a1f6252e07',0,'242ecaa0d2a44fb39123ef66dc8b3958','2014-07-16 09:50:00',NULL,NULL,'04140716000010'),('fd13c4f011354121becf306904dbd0a3',0,'8de947b789d940f0bc5f6252e91664fb','2014-07-16 09:52:21',NULL,NULL,'04140716000011'),('1f9d27c97dae4a99aa51ab68d111cc8b',0,'9354d77d77f8487d955f8caf9824ff3e','2014-07-16 09:54:54',NULL,NULL,'04140716000012'),('ccc5c75b44134ed99bc2c3ff1ae1e8ee',0,'fb649218404b41d1925b451361ae2091','2014-07-16 10:00:59',NULL,NULL,'04140716000013'),('e9724c042383487dace0eb506449ee5f',1,'fb649218404b41d1925b451361ae2091','2014-07-16 10:03:34','32.081338,112.13828','襄阳市',NULL),('bb28f1c34efb41dbb1b0000680e3c920',2,'fb649218404b41d1925b451361ae2091','2014-07-16 10:03:34','32.081338,112.13828','襄阳市',NULL),('5f64f1f087044220acdb1d47fcca3668',3,'fb649218404b41d1925b451361ae2091','2014-07-16 10:03:34','32.081338,112.13828','襄阳市',NULL),('907685a78e734164b0de034f25ef2e62',4,'fb649218404b41d1925b451361ae2091','2014-07-16 10:03:34','32.081338,112.13828','襄阳市',NULL),('54e86103c624482b8025dfd20aa11e13',5,'fb649218404b41d1925b451361ae2091','2014-07-16 10:03:38',NULL,NULL,NULL),('185da7a1166c4bfca829ad8ca68ba8a0',0,'7bd82ddc6a8b4b2aa94d96c96dd93fc6','2014-07-16 10:04:06',NULL,NULL,'04140716000014'),('c5abe2d398a64a5ba825ca614dc8e733',0,'9495901d64354f3eb07043a3825244e9','2014-07-16 10:16:27',NULL,NULL,'04140716000015'),('1ad6439d721b4d179c6c100bb99e3fdf',1,'ca8a7a6a2d574e31b02d5a722dbba864','2014-07-16 11:31:19','32.081539,112.138278','襄阳市',NULL),('96c8fffc4b1c43e3842e0831212652be',2,'ca8a7a6a2d574e31b02d5a722dbba864','2014-07-16 11:31:19','32.081539,112.138278','襄阳市',NULL),('c28982241115419b975acf78e8b874dc',3,'ca8a7a6a2d574e31b02d5a722dbba864','2014-07-16 11:31:19','32.081539,112.138278','襄阳市',NULL),('db34b33bf732441982857d791eafda16',4,'ca8a7a6a2d574e31b02d5a722dbba864','2014-07-16 11:31:19','32.081539,112.138278','襄阳市',NULL),('d619d100c35a4c2c9fd1e56d06cb61ab',5,'ca8a7a6a2d574e31b02d5a722dbba864','2014-07-16 11:33:27',NULL,NULL,NULL),('fe482571b18545c48ae63d2ff972ae93',0,'52b1080c4ce54884abd23dc400221d75','2014-07-16 11:52:24',NULL,NULL,'04140716000016'),('c2c225ea9bc44f6ab3c5da60ceeb0db2',1,'52b1080c4ce54884abd23dc400221d75','2014-07-16 11:59:04','32.081308,112.138161','襄阳市',NULL),('752f94cec22b491eb40df33cc489cfe6',2,'52b1080c4ce54884abd23dc400221d75','2014-07-16 11:59:04','32.081308,112.138161','襄阳市',NULL),('c90e6f0fe19d4da9b0d29442efc65671',3,'52b1080c4ce54884abd23dc400221d75','2014-07-16 11:59:04','32.081308,112.138161','襄阳市',NULL),('7dcc47a5764e43a6a6557b8b00e00f0a',4,'52b1080c4ce54884abd23dc400221d75','2014-07-16 11:59:04','32.081308,112.138161','襄阳市',NULL),('e5911bfc52534d4483555264407280b3',5,'52b1080c4ce54884abd23dc400221d75','2014-07-16 11:59:46',NULL,NULL,NULL),('73d5752e296c427ebd2d5ce3db8af878',0,'1a99c312aa69435293224bfb5ac422f5','2014-07-16 12:16:19',NULL,NULL,'04140716000017'),('8bc48a20ce9f48a0bc02b37cb985b215',0,'33ce6fe7e8304227a202c859d8b70398','2014-07-16 12:17:08',NULL,NULL,'04140716000018'),('3ca015d953db414ebfbdbacd17ea90b2',0,'c5e821a971234d0c8259da2eca7d7dcb','2014-07-16 12:17:18',NULL,NULL,'04140716000019'),('3ff41ae80b0f4079ac3ed4f028061bef',0,'9e9d539c80444a45a04f48a43f6682dd','2014-07-16 12:32:04',NULL,NULL,'04140716000020'),('ab4f88bfd1c34a80a4ce442eef28efde',0,'58e8d6f914614cc793c2d1c49d4030f9','2014-07-16 13:30:52',NULL,NULL,'04140716000021'),('155fa44b86894861b6caa9e878aae82b',0,'8ed986dbc4e94735879775e27b2dec72','2014-07-16 13:32:43',NULL,NULL,'04140716000022'),('8c9e1304df08456aa9103030b2d483b5',0,'ff85a92d3d0e45f68b55d153a66fd6bf','2014-07-16 13:32:48',NULL,NULL,'04140716000023'),('539a24aa710f405295ed423221fa07dc',0,'6a9477dd47d749cb82293e9893b83e78','2014-07-17 03:30:18',NULL,NULL,'04140717000000'),('53476c7e072b406ba77bb84b4754ec01',0,'8fedff79a017429eb7800209ea897b4c','2014-07-17 06:08:55',NULL,NULL,'04140717000001'),('e7f02f0cfda74319811003485c7e3b19',1,'8fedff79a017429eb7800209ea897b4c','2014-07-17 07:00:02','32.081599,112.138386','襄阳市',NULL),('0694a074a5eb480f8cac36338b2dec46',2,'8fedff79a017429eb7800209ea897b4c','2014-07-17 07:00:02','32.081599,112.138386','襄阳市',NULL),('5e08730806404d38b12c0b7d5b3ea14e',3,'8fedff79a017429eb7800209ea897b4c','2014-07-17 07:00:02','32.081599,112.138386','襄阳市',NULL),('7444cfd4c58b4c11a77441c2c966f76a',4,'8fedff79a017429eb7800209ea897b4c','2014-07-17 07:00:02','32.081599,112.138386','襄阳市',NULL),('7ec3904f7c46421b866bb196efa3dd4e',5,'8fedff79a017429eb7800209ea897b4c','2014-07-17 07:00:06',NULL,NULL,NULL),('46cc2e3c08fd426ab01c0c41c7f5675f',0,'c146742c1b6a44068bb25574cdf5e5af','2014-07-17 07:07:16',NULL,NULL,'04140717000002'),('11023f65e033411db7a02dec644ae221',0,'af427ff65bcf4e439608fc98bfb08d86','2014-07-17 07:36:37',NULL,NULL,'04140717000003'),('4ec7fba40a594d61be248db8ea680de4',0,'5e1b90f51e9a448098924f4cd3901ddf','2014-07-17 07:48:24',NULL,NULL,'04140717000004'),('10b42cb04cbc468bab52442a57cef246',0,'2bd12369175b40a29d4f68b537319c11','2014-07-17 08:12:50',NULL,NULL,'04140717000005'),('318ad9538666417bb156e64019a9bf01',0,'0f635f404f264e04aa5f8328549798ad','2014-07-17 09:05:31',NULL,NULL,'04140717000006'),('e434cc65fe4e42e7a29d0eafc6773eae',1,'2bd12369175b40a29d4f68b537319c11','2014-07-17 09:17:56','32.081512,112.138343','襄阳市',NULL),('38ad7a6868544ac191bcb9426698aa25',2,'2bd12369175b40a29d4f68b537319c11','2014-07-17 09:17:56','32.081512,112.138343','襄阳市',NULL),('ce2fa2f3c0ab4d2496c79f0059dfcffb',3,'2bd12369175b40a29d4f68b537319c11','2014-07-17 09:17:56','32.081512,112.138343','襄阳市',NULL),('b48077ccfef64ec69199edeb8bc7a116',4,'2bd12369175b40a29d4f68b537319c11','2014-07-17 09:17:56','32.081512,112.138343','襄阳市',NULL),('496b2121d3b042a69acca599fa9db4b9',1,'0f635f404f264e04aa5f8328549798ad','2014-07-17 09:26:06','32.080895,112.13794','襄阳市',NULL),('dd0e08d274934ab1a52e515a1ac311a9',2,'0f635f404f264e04aa5f8328549798ad','2014-07-17 09:26:06','32.080895,112.13794','襄阳市',NULL),('9d7fdf96724844cea225dd9ddbcefbfd',3,'0f635f404f264e04aa5f8328549798ad','2014-07-17 09:26:06','32.080895,112.13794','襄阳市',NULL),('9a2554cf3ddc4425a21432017f16d326',4,'0f635f404f264e04aa5f8328549798ad','2014-07-17 09:26:06','32.080895,112.13794','襄阳市',NULL),('cf75b0e7b8fc494db4bf6a906b552f73',5,'2bd12369175b40a29d4f68b537319c11','2014-07-17 09:46:55',NULL,NULL,NULL),('7de8404dee3d4e4f8906a0a9a6049b48',5,'0f635f404f264e04aa5f8328549798ad','2014-07-17 09:47:04',NULL,NULL,NULL),('5c2a47b09629477aadd8c0fa1c1b999f',1,'5e1b90f51e9a448098924f4cd3901ddf','2014-07-17 09:48:00','32.081396,112.138321','襄阳市',NULL),('b2ca31013e58483694f21837250ccf7f',2,'5e1b90f51e9a448098924f4cd3901ddf','2014-07-17 09:48:01','32.081396,112.138321','襄阳市',NULL),('4b033ff74a5446e094f7cf33fdf77c87',3,'5e1b90f51e9a448098924f4cd3901ddf','2014-07-17 09:48:01','32.081396,112.138321','襄阳市',NULL),('c45cbd49e65345cb8a07b0a0b648ddfb',4,'5e1b90f51e9a448098924f4cd3901ddf','2014-07-17 09:48:01','32.081396,112.138321','襄阳市',NULL),('e44ff1f195144e99b5a5724f4aeb84dd',0,'37f1c71150334a389c8535c3fcd141aa','2014-07-17 10:15:16',NULL,NULL,'04140717000011'),('5fab420aab0d4724b318560724cfc343',1,'37f1c71150334a389c8535c3fcd141aa','2014-07-17 10:15:51','32.081404,112.138284','襄阳市',NULL),('df543beb7e504cddbe817c64f91d73f3',2,'37f1c71150334a389c8535c3fcd141aa','2014-07-17 12:04:43','19.973349,110.279045','海口',NULL),('d8760ff5bb1d4dfc92b317eccb555209',3,'37f1c71150334a389c8535c3fcd141aa','2014-07-17 12:04:43','19.973349,110.279045','海口',NULL),('47e09e8476204be0949e045b9b16be57',4,'37f1c71150334a389c8535c3fcd141aa','2014-07-17 12:04:43','19.973349,110.279045','海口',NULL),('79508f56c1d746f59c3683236adebd29',5,'37f1c71150334a389c8535c3fcd141aa','2014-07-17 12:20:01',NULL,NULL,NULL),('889a033e0efb46699b8f3e9f4040e415',0,'785531c8e6884d5cb415d773ee9c482b','2014-07-18 03:49:09',NULL,NULL,'04140718000000'),('d049db8bee92461c90c643169cfecc96',0,'359d7b6819974741bd39fad2ae73f05e','2014-07-18 06:39:41',NULL,NULL,'04140718000001');
/*!40000 ALTER TABLE `ordersoperation` ENABLE KEYS */;
UNLOCK TABLES;

--
-- Table structure for table `releaseload`
--

DROP TABLE IF EXISTS `releaseload`;
/*!40101 SET @saved_cs_client     = @@character_set_client */;
/*!40101 SET character_set_client = utf8 */;
CREATE TABLE `releaseload` (
  `id` varchar(128) COLLATE utf8_bin NOT NULL COMMENT '主键',
  `localcity` varchar(255) COLLATE utf8_bin DEFAULT NULL COMMENT '开始城市',
  `toways` varchar(255) COLLATE utf8_bin DEFAULT NULL COMMENT '途径地',
  `targetcity` varchar(255) COLLATE utf8_bin DEFAULT NULL COMMENT '目的地',
  `type` char(1) COLLATE utf8_bin DEFAULT '0' COMMENT '是否是去返程0：去程，1：返程',
  `status` char(1) COLLATE utf8_bin DEFAULT '0' COMMENT '是否发布运力0：发布，1：未发布',
  `leftload` double DEFAULT NULL COMMENT '剩余运力',
  `carid` varchar(128) COLLATE utf8_bin DEFAULT NULL COMMENT '车id',
  `generatetime` timestamp NULL DEFAULT CURRENT_TIMESTAMP COMMENT '创建时间',
  PRIMARY KEY (`id`)
) ENGINE=InnoDB DEFAULT CHARSET=utf8 COLLATE=utf8_bin AVG_ROW_LENGTH=819;
/*!40101 SET character_set_client = @saved_cs_client */;

--
-- Dumping data for table `releaseload`
--

LOCK TABLES `releaseload` WRITE;
/*!40000 ALTER TABLE `releaseload` DISABLE KEYS */;
INSERT INTO `releaseload` VALUES ('3c50a383b3d84a788fa3f9ded18ba692','襄阳',NULL,'广州','0','1',0,'f13027eb8baf43d595f30b8e74e23e07','2014-07-15 07:43:19'),('47030d6dec7b4d3ebbec1ea7c0922190','北京',NULL,'武汉','0','0',8,'9b1099c208cb41139296ddc7754d8a32','2014-07-14 11:16:23'),('4ef7311f406048879bc3c440a8474ea8','襄阳',NULL,'衡阳','0','0',0,'af87d868e0114fc6ac78c43ac5d46f51','2014-07-17 06:14:20'),('72ead0241b104476a55532df54af8c84','襄阳',NULL,'北京','0','0',0,'f98e9abbdf484048910175c77b920c56','2014-07-14 11:35:23'),('877e0cc0dc314769bdc21f44a05e355c','北京',NULL,'全国','0','1',0,'f13027eb8baf43d595f30b8e74e23e07','2014-07-16 09:30:47'),('8acd7df0a12942bea4af89803e6e1663','麻章区',NULL,'宜城市','1','1',0,'f13027eb8baf43d595f30b8e74e23e07','2014-07-15 04:04:19'),('8c411a27b0fc4076b38a008f34d2e2de','襄阳','孝感,随州','武汉','1','1',0,'2441c2a24a144f1597d0ec9d00013bab','2014-07-16 09:02:37'),('98d9a30242274f29bc87df83339ea193','襄阳',NULL,'北京,上海','0','0',0,'3cd89855681d43c5a3c6b4ce6536a651','2014-07-15 03:41:15'),('cd87865c98314e3999c8b1b35305c88e','漠河县',NULL,'东乌珠穆沁旗','0','0',0,'a28db695e0984b108302d358a61a7c31','2014-07-15 04:00:53'),('cec3a396e92f4bf0b37a851617616287','北京','曹妃甸区,潜江,吕梁','潜江,天门','0','0',0,'f13027eb8baf43d595f30b8e74e23e07','2014-07-16 09:30:57'),('dc1e3e9b709948ab8bd6cecf93494447','武汉','武汉,成都','南阳','1','1',89,'a462cbe123884d508248003e4d31a1e9','2014-07-17 12:05:39'),('dec5f091266242288f267eef26a4cbb6','北京',NULL,'重庆','0','0',0,'da49b14529ef45cf91be5e6a896af77c','2014-07-15 03:59:26'),('e2dfd8e8f5ba434fbba4bcb117d2f2bb','瀍河回族区',NULL,'郑州','0','0',0,'62c2a22b822549af8aef1cb86f154513','2014-07-15 04:02:42'),('ff585f65c6864459afe707042a9f1fab','南阳','随州','武汉','0','0',89,'a462cbe123884d508248003e4d31a1e9','2014-07-18 08:21:44');
/*!40000 ALTER TABLE `releaseload` ENABLE KEYS */;
UNLOCK TABLES;

--
-- Table structure for table `seachinfo`
--

DROP TABLE IF EXISTS `seachinfo`;
/*!40101 SET @saved_cs_client     = @@character_set_client */;
/*!40101 SET character_set_client = utf8 */;
CREATE TABLE `seachinfo` (
  `id` varchar(128) COLLATE utf8_bin NOT NULL,
  `city` varchar(255) COLLATE utf8_bin DEFAULT NULL,
  `startcarlong` double DEFAULT NULL,
  `endcarlong` double DEFAULT NULL,
  `startweight` double DEFAULT NULL,
  `endweight` double DEFAULT NULL,
  `agentid` varchar(128) COLLATE utf8_bin DEFAULT NULL,
  `carid` varchar(128) COLLATE utf8_bin DEFAULT NULL,
  `generatetime` timestamp NULL DEFAULT CURRENT_TIMESTAMP,
  `seachtype` char(1) COLLATE utf8_bin DEFAULT '0' COMMENT '搜索类型',
  `province` varchar(255) COLLATE utf8_bin DEFAULT NULL COMMENT '省',
  `country` varchar(255) COLLATE utf8_bin DEFAULT NULL COMMENT '区',
  PRIMARY KEY (`id`)
) ENGINE=InnoDB DEFAULT CHARSET=utf8 COLLATE=utf8_bin AVG_ROW_LENGTH=226;
/*!40101 SET character_set_client = @saved_cs_client */;

--
-- Dumping data for table `seachinfo`
--

LOCK TABLES `seachinfo` WRITE;
/*!40000 ALTER TABLE `seachinfo` DISABLE KEYS */;
INSERT INTO `seachinfo` VALUES ('049afc7dd9244d7eb979f82ccfe4d176','上海',NULL,NULL,NULL,NULL,NULL,'da49b14529ef45cf91be5e6a896af77c','2014-07-17 13:11:23','0','上海','长宁区'),('083aa5cc5a6d48a7a5ab0fe54eac9bd0','上海',NULL,NULL,NULL,NULL,NULL,'da49b14529ef45cf91be5e6a896af77c','2014-07-17 13:11:21','0','上海','长宁区'),('0a2990efdbe44acd9e083d72bb2c137b','南阳',NULL,NULL,NULL,NULL,NULL,'da49b14529ef45cf91be5e6a896af77c','2014-07-17 12:58:16','0','河南',NULL),('0b762e5e018d462d8d593b910c11aedd','上海',NULL,NULL,NULL,NULL,NULL,'da49b14529ef45cf91be5e6a896af77c','2014-07-17 13:12:30','0','上海','长宁区'),('1d9400ab9fea4bdf9c954021d62d3486','武汉',NULL,NULL,NULL,NULL,NULL,'da49b14529ef45cf91be5e6a896af77c','2014-07-17 13:22:54','0','湖北',NULL),('1e35d1bebe3c4547944b416a11ed754a','淮安',NULL,NULL,NULL,NULL,NULL,'da49b14529ef45cf91be5e6a896af77c','2014-07-17 12:57:58','0','江苏',NULL),('315abd9a5d48414a9d2a2901fbed4169','南阳',NULL,NULL,NULL,NULL,NULL,'da49b14529ef45cf91be5e6a896af77c','2014-07-17 12:58:20','0','河南',NULL),('3b7225d91d17479faca0c61ed2b7edd8','武汉',NULL,NULL,NULL,NULL,'d285bb154fc6429d91285629997b17a6',NULL,'2014-07-17 12:54:10','0','湖北',NULL),('408051a87b8e4c31b1ceacbd13786323','武汉',NULL,NULL,NULL,NULL,NULL,'da49b14529ef45cf91be5e6a896af77c','2014-07-17 13:11:26','0','湖北',NULL),('41edd89a35054211a270b3baf078eadc','武汉',NULL,NULL,NULL,NULL,NULL,'da49b14529ef45cf91be5e6a896af77c','2014-07-17 13:22:36','0','湖北',NULL),('42cbfb77331a478896ab409eeeebf01d','南阳',NULL,NULL,NULL,NULL,'d285bb154fc6429d91285629997b17a6',NULL,'2014-07-17 12:54:41','0','河南',NULL),('4543b886ea734d299ba1b0ae9b96b04a','上海',NULL,NULL,NULL,NULL,NULL,'da49b14529ef45cf91be5e6a896af77c','2014-07-17 13:11:26','0','上海','长宁区'),('4571ae8c2f314f8c8ccc29da1e5842b5','长治',NULL,NULL,NULL,NULL,NULL,'da49b14529ef45cf91be5e6a896af77c','2014-07-17 12:55:44','0','山西',NULL),('46a08fe425754fbda2fc93ac39d2806b','南阳',NULL,NULL,NULL,NULL,NULL,'da49b14529ef45cf91be5e6a896af77c','2014-07-17 13:11:23','0','河南',NULL),('49e27581d9964f94b38c87266bcaef07','广州',NULL,NULL,NULL,NULL,'d285bb154fc6429d91285629997b17a6',NULL,'2014-07-17 12:54:41','0','广东',NULL),('4ee969e7eb7f4c2aa2d366226b758ac8','武汉',NULL,NULL,NULL,NULL,'d285bb154fc6429d91285629997b17a6',NULL,'2014-07-17 12:54:41','0','湖北',NULL),('4f7952f8490a4f459db7df1008bcacab','武汉',NULL,NULL,NULL,NULL,NULL,'da49b14529ef45cf91be5e6a896af77c','2014-07-17 13:11:26','0','湖北',NULL),('505477e726ab4e85bf931c4640dc7ff1','武汉',NULL,NULL,NULL,NULL,NULL,'da49b14529ef45cf91be5e6a896af77c','2014-07-17 13:11:23','0','湖北',NULL),('52d6948052ac4a44acaff73334753698','武汉',NULL,NULL,NULL,NULL,NULL,'da49b14529ef45cf91be5e6a896af77c','2014-07-17 12:55:20','0','湖北',NULL),('531d27ef9398442c8409883ad5d58d55','武汉',NULL,NULL,NULL,NULL,NULL,'da49b14529ef45cf91be5e6a896af77c','2014-07-17 12:55:28','0','湖北',NULL),('5451823e5e824e3080d559a2940ab1f7','长治',NULL,NULL,NULL,NULL,NULL,'da49b14529ef45cf91be5e6a896af77c','2014-07-17 12:55:45','0','山西',NULL),('55f42f187f0143978e0c929aa0a0cdcc','南阳',NULL,NULL,NULL,NULL,NULL,'da49b14529ef45cf91be5e6a896af77c','2014-07-17 13:11:21','0','河南',NULL),('67ead42f94924a248211f01454624d1d','广州',NULL,NULL,NULL,NULL,'d285bb154fc6429d91285629997b17a6',NULL,'2014-07-17 12:54:10','0','广东',NULL),('691c77b9dde648e2b2f57a7c09f67502','南阳',NULL,NULL,NULL,NULL,NULL,'da49b14529ef45cf91be5e6a896af77c','2014-07-17 13:11:14','0','河南',NULL),('6b8e65d92bee4669a2ab9ffd261b5ba8','武汉',NULL,NULL,NULL,NULL,NULL,'da49b14529ef45cf91be5e6a896af77c','2014-07-17 13:11:14','0','湖北',NULL),('6bc6bdc755134813a81ff82eaf97b689','北京',NULL,NULL,NULL,NULL,NULL,'f13027eb8baf43d595f30b8e74e23e07','2014-07-16 10:16:18','0','北京',NULL),('6df4b93a1c2b4fb7927b5043fd7b8c37','巴彦淖尔',NULL,NULL,NULL,NULL,NULL,'da49b14529ef45cf91be5e6a896af77c','2014-07-17 13:11:26','0','内蒙古',NULL),('70fb8f2ed034489ba43c3bd923d720b7','淮安',NULL,NULL,NULL,NULL,NULL,'da49b14529ef45cf91be5e6a896af77c','2014-07-17 13:11:26','0','江苏',NULL),('76dc4cc331564c969f3a83cf08faaf04','淮安',NULL,NULL,NULL,NULL,NULL,'da49b14529ef45cf91be5e6a896af77c','2014-07-17 13:11:26','0','江苏',NULL),('798885552d89467b9035595c45b20e05','巴彦淖尔',NULL,NULL,NULL,NULL,NULL,'da49b14529ef45cf91be5e6a896af77c','2014-07-17 13:11:21','0','内蒙古',NULL),('7d77588993a64156950ba236756e7d50','淮安',NULL,NULL,NULL,NULL,NULL,'da49b14529ef45cf91be5e6a896af77c','2014-07-17 13:11:23','0','江苏',NULL),('7fb947dbc6f64f29bb528de9094df4e9','南阳',NULL,NULL,NULL,NULL,NULL,'da49b14529ef45cf91be5e6a896af77c','2014-07-18 07:11:15','0','河南',NULL),('81491020c9bf4a138bde566d304dcce2','南阳',NULL,NULL,NULL,NULL,NULL,'da49b14529ef45cf91be5e6a896af77c','2014-07-17 13:11:26','0','河南',NULL),('819887dea2194286a994aaf113ba5a97','巴彦淖尔',NULL,NULL,NULL,NULL,NULL,'da49b14529ef45cf91be5e6a896af77c','2014-07-17 13:11:26','0','内蒙古',NULL),('88210ba51f30473aae2ff77061a31c68','上海',NULL,NULL,NULL,NULL,NULL,'da49b14529ef45cf91be5e6a896af77c','2014-07-17 12:55:31','0','上海','长宁区'),('8885612ba1064a1d9a578bb70aafe3e7','上海',NULL,NULL,NULL,NULL,NULL,'da49b14529ef45cf91be5e6a896af77c','2014-07-17 13:11:26','0','上海','长宁区'),('888644ef13804ab8a578340f9915497c','南阳',NULL,NULL,NULL,NULL,'d285bb154fc6429d91285629997b17a6',NULL,'2014-07-17 12:54:10','0','河南',NULL),('8e48a6e7e10e4448abc2e9f45398289c','上海',NULL,NULL,NULL,NULL,'d285bb154fc6429d91285629997b17a6',NULL,'2014-07-17 12:54:10','0','上海',NULL),('903896ede56f416085ffecdddee48340','武汉',NULL,NULL,NULL,NULL,NULL,'da49b14529ef45cf91be5e6a896af77c','2014-07-17 13:11:06','0','湖北',NULL),('916a934aa46d4a7e965ab754c40849e5','香港',NULL,NULL,NULL,NULL,NULL,'da49b14529ef45cf91be5e6a896af77c','2014-07-17 12:58:20','0','香港',NULL),('978dccf2580649969d438a90827fc94c','北京',NULL,NULL,NULL,NULL,NULL,'f13027eb8baf43d595f30b8e74e23e07','2014-07-16 10:16:27','0','北京',NULL),('97c809d2f4de49e3adf700a0fea6100e','南阳',NULL,NULL,NULL,NULL,NULL,'da49b14529ef45cf91be5e6a896af77c','2014-07-17 13:11:11','0','河南',NULL),('9d4cc29abfd2491baa1b53ae7b01fb44','郑州',NULL,NULL,NULL,NULL,'d285bb154fc6429d91285629997b17a6',NULL,'2014-07-17 12:54:10','0','河南',NULL),('9f500c49ff2b4ec28d9839802b43c25f','香港',NULL,NULL,NULL,NULL,'d285bb154fc6429d91285629997b17a6',NULL,'2014-07-17 13:05:24','0','香港',NULL),('a94f5215c882430d9eab0b2538f02167','淮安',NULL,NULL,NULL,NULL,NULL,'da49b14529ef45cf91be5e6a896af77c','2014-07-17 12:58:16','0','江苏',NULL),('af5bbe4272e64a84aec104d87fc48a5e','武汉',NULL,NULL,NULL,NULL,NULL,'da49b14529ef45cf91be5e6a896af77c','2014-07-17 12:55:31','0','湖北',NULL),('b115c91f32f74a6eabaa1a3037ed412a','上海',NULL,NULL,NULL,NULL,NULL,'da49b14529ef45cf91be5e6a896af77c','2014-07-17 12:55:28','0','上海','长宁区'),('b1dbcfe128bd4a59936062b64446f373','郑州',NULL,NULL,NULL,NULL,'d285bb154fc6429d91285629997b17a6',NULL,'2014-07-17 12:54:41','0','河南',NULL),('b425a28eebaa4fa28f55333a067b4ffc','武汉',NULL,NULL,NULL,NULL,NULL,'da49b14529ef45cf91be5e6a896af77c','2014-07-17 13:12:26','0','湖北',NULL),('b4997de9d9144491811d1409d322909c','淮安',NULL,NULL,NULL,NULL,NULL,'da49b14529ef45cf91be5e6a896af77c','2014-07-17 13:11:02','0','江苏',NULL),('b593122f33a04ad287187d93ca820208','上海',NULL,NULL,NULL,NULL,'d285bb154fc6429d91285629997b17a6',NULL,'2014-07-17 12:54:41','0','上海',NULL),('bb1dfdb581834e66803b14f27b1a8fc5','淮安',NULL,NULL,NULL,NULL,NULL,'da49b14529ef45cf91be5e6a896af77c','2014-07-17 13:11:14','0','江苏',NULL),('c0a4bf95e6d94459a00bde1ed21e3214','广州',NULL,NULL,NULL,NULL,'d285bb154fc6429d91285629997b17a6',NULL,'2014-07-17 13:05:24','0','广东',NULL),('c1ecc043e1e7452f905183aa826c3fce','武汉',NULL,NULL,NULL,NULL,NULL,'da49b14529ef45cf91be5e6a896af77c','2014-07-17 13:11:11','0','湖北',NULL),('cab830ad02db42719f6fa09cfef6ec9a','淮安',NULL,NULL,NULL,NULL,NULL,'da49b14529ef45cf91be5e6a896af77c','2014-07-17 13:11:11','0','江苏',NULL),('cad025bccf044be1a8ca4c4d67e80b75','武汉',NULL,NULL,NULL,NULL,NULL,'da49b14529ef45cf91be5e6a896af77c','2014-07-17 13:12:30','0','湖北',NULL),('d4eed9b3899e4207a931bd354102e830','武汉',NULL,NULL,NULL,NULL,NULL,'da49b14529ef45cf91be5e6a896af77c','2014-07-17 13:11:21','0','湖北',NULL),('d56519b915094e57869544663466299e','淮安',NULL,NULL,NULL,NULL,NULL,'da49b14529ef45cf91be5e6a896af77c','2014-07-17 12:58:20','0','江苏',NULL),('dc6c3bb4a5cc4cf5be6032f60fea8416','武汉',NULL,NULL,NULL,NULL,NULL,'da49b14529ef45cf91be5e6a896af77c','2014-07-17 13:21:24','0','湖北',NULL),('e2d15cff5dad4a2680f6d08cf1905687','淮安',NULL,NULL,NULL,NULL,NULL,'da49b14529ef45cf91be5e6a896af77c','2014-07-17 13:11:21','0','江苏',NULL),('e6206dcfdd504f76bbdc0b7ca003cd29','淮安',NULL,NULL,NULL,NULL,NULL,'da49b14529ef45cf91be5e6a896af77c','2014-07-17 13:11:06','0','江苏',NULL),('ea14291c1ea6493fbc343b9e9d6f8761','香港',NULL,NULL,NULL,NULL,NULL,'da49b14529ef45cf91be5e6a896af77c','2014-07-17 12:58:16','0','香港',NULL),('f40e670b0def4cee8839f2095676c68d','上海',NULL,NULL,NULL,NULL,NULL,'da49b14529ef45cf91be5e6a896af77c','2014-07-17 13:11:14','0','上海','长宁区'),('fd472a2f55944ecaafc1b8882b7f4726','南阳',NULL,NULL,NULL,NULL,NULL,'da49b14529ef45cf91be5e6a896af77c','2014-07-17 13:11:26','0','河南',NULL),('ff6d649184d14b2889572accb447100c','巴彦淖尔',NULL,NULL,NULL,NULL,NULL,'da49b14529ef45cf91be5e6a896af77c','2014-07-17 13:11:23','0','内蒙古',NULL);
/*!40000 ALTER TABLE `seachinfo` ENABLE KEYS */;
UNLOCK TABLES;

--
-- Table structure for table `sequence`
--

DROP TABLE IF EXISTS `sequence`;
/*!40101 SET @saved_cs_client     = @@character_set_client */;
/*!40101 SET character_set_client = utf8 */;
CREATE TABLE `sequence` (
  `id_name` varchar(20) COLLATE utf8_bin NOT NULL,
  `valid_date` date DEFAULT NULL,
  `curvaule` int(11) DEFAULT NULL,
  `increment` int(11) DEFAULT NULL,
  PRIMARY KEY (`id_name`)
) ENGINE=InnoDB DEFAULT CHARSET=utf8 COLLATE=utf8_bin AVG_ROW_LENGTH=1820;
/*!40101 SET character_set_client = @saved_cs_client */;

--
-- Dumping data for table `sequence`
--

LOCK TABLES `sequence` WRITE;
/*!40000 ALTER TABLE `sequence` DISABLE KEYS */;
INSERT INTO `sequence` VALUES ('agent','2014-07-21',3,1),('cars','2014-07-17',2,1),('complaint','2014-07-18',3,1),('contact','2014-03-23',0,1),('driver','2014-07-17',5,1),('goods','2014-07-19',1,1),('huozhu','2014-03-23',0,1),('id','2014-03-07',0,1),('order','2014-07-18',1,1),('yundan','2014-03-23',0,1);
/*!40000 ALTER TABLE `sequence` ENABLE KEYS */;
UNLOCK TABLES;

--
-- Table structure for table `shipper`
--

DROP TABLE IF EXISTS `shipper`;
/*!40101 SET @saved_cs_client     = @@character_set_client */;
/*!40101 SET character_set_client = utf8 */;
CREATE TABLE `shipper` (
  `id` varchar(128) COLLATE utf8_bin NOT NULL,
  `address` varchar(255) COLLATE utf8_bin DEFAULT NULL COMMENT '住址',
  `province` varchar(255) COLLATE utf8_bin DEFAULT NULL COMMENT '省',
  `city` varchar(255) COLLATE utf8_bin DEFAULT NULL COMMENT '市',
  `country` varchar(255) COLLATE utf8_bin DEFAULT NULL COMMENT '县',
  `company` varchar(255) COLLATE utf8_bin DEFAULT NULL COMMENT '公司',
  `mobile` varchar(255) COLLATE utf8_bin DEFAULT NULL COMMENT '电话',
  `name` varchar(255) COLLATE utf8_bin DEFAULT NULL COMMENT '姓名',
  `agentid` varchar(128) COLLATE utf8_bin DEFAULT NULL COMMENT '货代id',
  `generatetime` timestamp NOT NULL DEFAULT CURRENT_TIMESTAMP,
  `type` char(1) COLLATE utf8_bin DEFAULT '0' COMMENT '联系人类型 默认值0, 0确认收款时模糊匹配联系人 1每条订单对应的联系人',
  PRIMARY KEY (`id`)
) ENGINE=InnoDB DEFAULT CHARSET=utf8 COLLATE=utf8_bin AVG_ROW_LENGTH=277;
/*!40101 SET character_set_client = @saved_cs_client */;

--
-- Dumping data for table `shipper`
--

LOCK TABLES `shipper` WRITE;
/*!40000 ALTER TABLE `shipper` DISABLE KEYS */;
INSERT INTO `shipper` VALUES ('00113fe6a54c405cae0bb6a008bc76d9','1111111111经111111111','广东','韶关',NULL,'1111','13177210757','从来','6f70a9a0d9d24f14ad87d00d7fd0d3b1','2014-07-17 06:46:00','0'),('001aa3870fb049e5a70185494426f8c7','额头推荐25可个你','','北京','东城区','啊啊','13507286085','啊啊','234587a9c35f4105911457e8a9243171','2014-07-16 07:34:55','1'),('03eba587bcc24b20a4e99ef164977c8e','大雁路32号','上海','','静安区','','13122343212','一一','a30fe0f1ad5f4e7aaa296452d061c158','2014-07-16 11:30:40','0'),('050c497e7cce4ae4b29604d7d2f2ca62','校区凹21号','广西','南宁','邕宁区','','15190989098','二二','a30fe0f1ad5f4e7aaa296452d061c158','2014-07-16 11:30:40','1'),('05586db1d8274f55bb2e94e4875d8fe8','台北市','','台湾','','','18872573288','李春山','6203a64124174f9e9c6c1adbef7e75a0','2014-07-16 08:02:08','1'),('0ab402b1b71b44119c13129ade3fd9d6','房顶上','','香港','香港','','11111111111','而我却','8d68653a056c4559bc5627931090d5a3','2014-07-16 10:03:27','0'),('0ad90787f1e24bb489fc0eb1f8119e94','32 而卧','','台湾','','','11111111111','额外','21ccd29c6d504d67809b8003f58ac9d2','2014-07-16 08:43:30','1'),('0c052147e1d84c68961206d54c6be377','光谷金融股','湖北','武汉','江夏区','','18875234422','王二','234587a9c35f4105911457e8a9243171','2014-07-16 08:09:01','1'),('0c9c56efdda54b7ebdad32706c3e790b','23范德萨','','上海','黄浦区','','15198767893','二二','234587a9c35f4105911457e8a9243171','2014-07-17 09:08:41','1'),('0dbb1122414a45539b9dd612bdae260c','平安','','上海','','','13507286088','刘刘发','6f70a9a0d9d24f14ad87d00d7fd0d3b1','2014-07-16 13:47:16','0'),('173d93c70efc4b17b57abd2c96bad4bd','额头推荐36可个你','','重庆','万州区','啊啊啊','13507286088','啊啊','234587a9c35f4105911457e8a9243171','2014-07-16 07:34:55','0'),('1a883d04969b4f54b2be4611dcfe16a7','台北市','','台湾','','','18872573288','李春山','6203a64124174f9e9c6c1adbef7e75a0','2014-07-16 08:02:08','0'),('1d1cdfb9684d4909a7cb8fd69242aaca','黄浦区','','上海','','','18876543246','李大师','8d68653a056c4559bc5627931090d5a3','2014-07-16 08:06:22','1'),('2066beddd39541e4aca91896fb0b2049','房顶上','','香港','香港','','11111111111','而我却','8d68653a056c4559bc5627931090d5a3','2014-07-16 10:03:27','1'),('228601eda497484faa89556fa4016be6','23范德萨','海南','海口','秀英区','','15198767893','二二','234587a9c35f4105911457e8a9243171','2014-07-17 10:15:46','1'),('239fc29b99144792a725a312ff616a03','23范德萨','海南','海口','秀英区','','15198767893','二二','234587a9c35f4105911457e8a9243171','2014-07-14 13:40:32','0'),('258c9b85c37c40ca835a8db281d9ed85','对多','湖南','株洲','荷塘区','','13113221232','一一','234587a9c35f4105911457e8a9243171','2014-07-17 10:15:46','1'),('2d9b796a78754fbd9fbbb27b37ecceed','对多','湖北','襄阳','襄城区','','13113221232','一一','234587a9c35f4105911457e8a9243171','2014-07-17 09:47:49','1'),('2eeab037c3fe4f4faf0132aef2220067','海南 三亚 崖州区','贵州','贵阳','南明区','','13507287098','听众','6f70a9a0d9d24f14ad87d00d7fd0d3b1','2014-07-17 09:16:25','0'),('320035eb05c147bbaedbb4ca31e5b402','平安','','上海','','','13507286088','刘刘发','6f70a9a0d9d24f14ad87d00d7fd0d3b1','2014-07-16 13:47:16','2'),('3d4bc2c4a85e462aad3f72d95faa8faf','水电费','','重庆','','','11111111111','王二','a30fe0f1ad5f4e7aaa296452d061c158','2014-07-16 08:11:08','0'),('42af7645a2d74291b15f473261ddfd66','323','云南','曲靖','宣威市','','11111111111','发送到','f5089c26681942668244efcdc20bb869','2014-07-16 08:40:32','1'),('42da2332f02e4a5da393e701c31aa805','广东省发生','澳门','','','','11111111111','发送到','d285bb154fc6429d91285629997b17a6','2014-07-17 06:59:57','1'),('4e4951bde1414439995251d5d83f9d43','地方','','天津','','人家','11111111111','成本核算','6f70a9a0d9d24f14ad87d00d7fd0d3b1','2014-07-17 06:46:00','0'),('58719639b49949e4899a6ecace072a74','校区凹21号','天津','','宝坻区','','15190989098','二二','a30fe0f1ad5f4e7aaa296452d061c158','2014-07-16 11:58:46','1'),('597d5a674917446aba96a306a9b7a491','水电费','','重庆','','','11111111111','王二','a30fe0f1ad5f4e7aaa296452d061c158','2014-07-16 08:11:08','1'),('67a54b2e1d1a4ee892d649d76aeaef0a','对多','','北京','','','13113221232','一一','234587a9c35f4105911457e8a9243171','2014-07-14 13:40:32','1'),('6d9a820661da40b4a8d545fbfdccb5fe','朝阳区','','北京','','','13871666362','王思想','8d68653a056c4559bc5627931090d5a3','2014-07-16 08:06:22','1'),('70055dd07ffa4ecd84b0da311960c280','房价多少空间','香港','','','','11111111111','任务二','d285bb154fc6429d91285629997b17a6','2014-07-17 06:59:57','0'),('7172919420ec4499a7a42a490de63c53','对多','湖南','株洲','荷塘区','','13113221232','一一','234587a9c35f4105911457e8a9243171','2014-07-14 13:40:32','0'),('71bd2eb62bd84c38beec4c04ec06ed0f','监督卡','湖北','十堰','茅箭区','','11111111111','大声道','234587a9c35f4105911457e8a9243171','2014-07-16 08:09:01','0'),('74e350aa3b924a5db9fa3cd38f689fcd','营地大街','','澳门','','','18872573200','王二小','6203a64124174f9e9c6c1adbef7e75a0','2014-07-16 08:02:08','1'),('7ccc47573d694c65b7e520836af84552','朝阳区','','北京','','','13871666362','王思想','8d68653a056c4559bc5627931090d5a3','2014-07-16 08:06:22','0'),('7ddd0b76f9ea4db091d4405b7406ce95','鄂鄂','','北京','东城区','','11111111111','额外全额','8d68653a056c4559bc5627931090d5a3','2014-07-16 10:03:27','0'),('7f4c9889f42d423d973fa4f63b55c4d7','323','云南','曲靖','宣威市','','11111111111','发送到','f5089c26681942668244efcdc20bb869','2014-07-16 08:40:32','0'),('8019ba9eb1d140ca86290e7698070e3d','海南 三亚 崖州区','贵州','贵阳','南明区','','13507287098','听众','6f70a9a0d9d24f14ad87d00d7fd0d3b1','2014-07-17 09:16:25','2'),('90b75a145ce7495f975dd1f6d2974ae9','发我','黑龙江','哈尔滨','道外区','','11111111111','认为','21ccd29c6d504d67809b8003f58ac9d2','2014-07-16 08:43:30','1'),('9324b9710c7d4aa790ee0c1e149a50fe','额头推荐36可个你','','重庆','万州区','啊啊啊','13507286088','啊啊','234587a9c35f4105911457e8a9243171','2014-07-16 07:34:55','1'),('966fbaca5eee4109b1e241e7414171e2','黄浦区','','上海','','','18876543246','李大师','8d68653a056c4559bc5627931090d5a3','2014-07-16 08:06:22','0'),('97007aa13b914b179deed78a92e8a13a','胜利','','北京','','','13507286085','刘刘收','6f70a9a0d9d24f14ad87d00d7fd0d3b1','2014-07-16 13:47:16','0'),('99f6029572a04984a3413400ecba94f4','监督卡','湖北','十堰','茅箭区','','11111111111','大声道','234587a9c35f4105911457e8a9243171','2014-07-16 08:09:01','1'),('a294f514e5bb41929a2c581b6185a059','对多','','北京','东城区','','13113221232','一一','234587a9c35f4105911457e8a9243171','2014-07-17 09:08:40','1'),('a3f558c9e1994c74855b90387fc79229','对多','湖北','宜昌','西陵区','','13113221232','一一','234587a9c35f4105911457e8a9243171','2014-07-17 09:26:00','1'),('a43bb43766a649189e4c02b29641465b','23范德萨','湖南','衡阳','雁峰区','','15198767893','二二','234587a9c35f4105911457e8a9243171','2014-07-17 09:47:49','1'),('a505b358d1644d84b42e173b23e525c6','广东省发生','澳门','','','','11111111111','发送到','d285bb154fc6429d91285629997b17a6','2014-07-17 06:59:57','0'),('ab3083860df3426182b060b654ceee91','1111111111经111111111','广东','韶关','','1111','13177210757','从来一个','6f70a9a0d9d24f14ad87d00d7fd0d3b1','2014-07-17 06:46:00','2'),('acea90c27634441991aaece5a5ed688d','海南 三亚 崖州区','海南','三亚','崖州区','','13507287099','张三','6f70a9a0d9d24f14ad87d00d7fd0d3b1','2014-07-17 09:16:25','2'),('aff0a9ff0ba34767b0d34dc7a450f23d','房价多少空间','香港','','','','11111111111','任务二','d285bb154fc6429d91285629997b17a6','2014-07-17 06:59:57','1'),('b2d11a402108472982f64bdafc29b85d','鄂鄂','','北京','东城区','','11111111111','额外全额','8d68653a056c4559bc5627931090d5a3','2014-07-16 10:03:27','1'),('b61ef81cf01b4ca19edf3e3d7d4f7b91','大雁路32号','上海','','静安区','','13122343212','一一','a30fe0f1ad5f4e7aaa296452d061c158','2014-07-16 11:58:46','1'),('b8910205e1064242bdd4e7db27f53479','32 而卧','','台湾','','','11111111111','额外','21ccd29c6d504d67809b8003f58ac9d2','2014-07-16 08:43:30','0'),('b9643eed80574bafb504f037e8070da8','额头推荐25可个你','','北京','东城区','啊啊','13507286085','啊啊','234587a9c35f4105911457e8a9243171','2014-07-16 07:34:55','0'),('cc57397badf64a8896d530e04b0b4c76','3213','','台湾','','','11111111115','大声道','f5089c26681942668244efcdc20bb869','2014-07-16 08:40:32','1'),('d43bcbabe4d943599ae8e3a0879a2016','发3 ','江苏','无锡','崇安区','','11111111111','额无法定','a30fe0f1ad5f4e7aaa296452d061c158','2014-07-16 08:11:08','1'),('d544a345e4594b3a9df45c99368fddef','23范德萨','江苏','南京','栖霞区','','15198767893','二二','234587a9c35f4105911457e8a9243171','2014-07-17 09:26:00','1'),('dbe52617d8d3403f95356445fbeb377c','地方','','天津','','人家','11111111111','成本核算','6f70a9a0d9d24f14ad87d00d7fd0d3b1','2014-07-17 06:46:00','2'),('dc0ca4b9c6cf4081bbb688c03452fb58','光谷金融股','湖北','武汉','江夏区','','18875234422','王二','234587a9c35f4105911457e8a9243171','2014-07-16 08:09:01','0'),('df7cd8d783864c0aa331b34397e19037','海南 三亚 崖州区','海南','三亚','崖州区','','13507287099','张三','6f70a9a0d9d24f14ad87d00d7fd0d3b1','2014-07-17 09:16:25','0'),('dffba4f3c4024846ad429ac029871357','3213','','台湾','','','11111111115','大声道','f5089c26681942668244efcdc20bb869','2014-07-16 08:40:32','0'),('ebbc61a437ae441e84111d15eeeb439d','但是','','上海','','','15198767893','二二','234587a9c35f4105911457e8a9243171','2014-07-14 13:40:32','1'),('ee0302dab49341fc80b14e6fd9b743f1','大雁路32号','贵州','贵阳','南明区','','13122343212','一一','a30fe0f1ad5f4e7aaa296452d061c158','2014-07-16 11:30:40','1'),('ee4835e6ff664780b151532a9d8c7b12','营地大街','','澳门','','','18872573200','王二小','6203a64124174f9e9c6c1adbef7e75a0','2014-07-16 08:02:08','0'),('ee5de8f42d1a48f98b35fd5a97476418','校区凹21号','天津','','宝坻区','','15190989098','二二','a30fe0f1ad5f4e7aaa296452d061c158','2014-07-16 11:30:40','0'),('f2b4ef484b27481cadb9e1e38b7698d5','发3 ','江苏','无锡','崇安区','','11111111111','额无法定','a30fe0f1ad5f4e7aaa296452d061c158','2014-07-16 08:11:08','0'),('f38284419c2c4a6ea33704e3e6a55418','胜利','','北京','','','13507286085','刘刘收','6f70a9a0d9d24f14ad87d00d7fd0d3b1','2014-07-16 13:47:16','2'),('f752a659b25746139d0aa71d133b183e','1111111111经111111111','广东','韶关','','1111','13177210757','从来一个','6f70a9a0d9d24f14ad87d00d7fd0d3b1','2014-07-17 07:37:58','0'),('f8398011f82d4906aa6b4bc3cba3f166','发我','黑龙江','哈尔滨','道外区','','11111111111','认为','21ccd29c6d504d67809b8003f58ac9d2','2014-07-16 08:43:30','0');
/*!40000 ALTER TABLE `shipper` ENABLE KEYS */;
UNLOCK TABLES;

--
-- Table structure for table `shipperbak`
--

DROP TABLE IF EXISTS `shipperbak`;
/*!40101 SET @saved_cs_client     = @@character_set_client */;
/*!40101 SET character_set_client = utf8 */;
CREATE TABLE `shipperbak` (
  `id` varchar(128) NOT NULL,
  `address` varchar(255) DEFAULT NULL COMMENT '住址',
  `company` varchar(255) DEFAULT NULL COMMENT '公司',
  `mobile` varchar(255) DEFAULT NULL COMMENT '电话',
  `NAME` varchar(255) DEFAULT NULL COMMENT '姓名',
  `agentid` varchar(128) DEFAULT NULL COMMENT '货代id',
  `generatetime` timestamp NOT NULL DEFAULT CURRENT_TIMESTAMP,
  `province` varchar(255) DEFAULT NULL COMMENT '省',
  `city` varchar(255) DEFAULT NULL COMMENT '市',
  `country` varchar(255) DEFAULT NULL COMMENT '区县',
  `TYPE` char(1) DEFAULT '0' COMMENT '联系人类型 默认值0, 0确认收款时模糊匹配联系人 1每条订单对应的联系人',
  PRIMARY KEY (`id`)
) ENGINE=InnoDB DEFAULT CHARSET=utf8;
/*!40101 SET character_set_client = @saved_cs_client */;

--
-- Dumping data for table `shipperbak`
--

LOCK TABLES `shipperbak` WRITE;
/*!40000 ALTER TABLE `shipperbak` DISABLE KEYS */;
/*!40000 ALTER TABLE `shipperbak` ENABLE KEYS */;
UNLOCK TABLES;

--
-- Table structure for table `sys_role`
--

DROP TABLE IF EXISTS `sys_role`;
/*!40101 SET @saved_cs_client     = @@character_set_client */;
/*!40101 SET character_set_client = utf8 */;
CREATE TABLE `sys_role` (
  `id` varchar(32) NOT NULL COMMENT '本实体记录的唯一标识。',
  `rolename` varchar(32) NOT NULL COMMENT '角色名称',
  `roledesc` varchar(256) DEFAULT NULL COMMENT '角色描述。',
  `isactive` varchar(8) NOT NULL COMMENT '描述该角色是否可用的一个状态标识   0：无效  1：有效',
  PRIMARY KEY (`id`)
) ENGINE=InnoDB DEFAULT CHARSET=utf8 AVG_ROW_LENGTH=8192 COMMENT='保存系统角色的信息。角色是一组资源权限项的集合，这一组资源权限项可以被一起授予或回收。本实体主要包括角色标识、角色名称';
/*!40101 SET character_set_client = @saved_cs_client */;

--
-- Dumping data for table `sys_role`
--

LOCK TABLES `sys_role` WRITE;
/*!40000 ALTER TABLE `sys_role` DISABLE KEYS */;
INSERT INTO `sys_role` VALUES ('51f460d351f74940a0afd719345cc906','普通用户','','1'),('cdc67e472bfa4b7a905f616384695872','超级管理员','','1');
/*!40000 ALTER TABLE `sys_role` ENABLE KEYS */;
UNLOCK TABLES;

--
-- Table structure for table `sys_user`
--

DROP TABLE IF EXISTS `sys_user`;
/*!40101 SET @saved_cs_client     = @@character_set_client */;
/*!40101 SET character_set_client = utf8 */;
CREATE TABLE `sys_user` (
  `id` varchar(32) NOT NULL COMMENT '本实体记录的唯一标识。',
  `username` varchar(32) NOT NULL COMMENT '用户名称',
  `organid` varchar(32) NOT NULL COMMENT '区域id',
  `realname` varchar(60) NOT NULL COMMENT '用户真实姓名',
  `passwd` varchar(35) NOT NULL COMMENT '用户密码',
  `status` varchar(8) DEFAULT NULL COMMENT '系统用户的状态，包括：启用、禁用、删除。01 正常、02 禁用 、03 删除、04 锁定。',
  `gender` varchar(8) DEFAULT NULL COMMENT '性别',
  `tel` varchar(18) DEFAULT NULL COMMENT '联系电话',
  `mobile` varchar(16) DEFAULT NULL COMMENT '移动电话',
  `email` varchar(32) DEFAULT NULL COMMENT 'e-mail',
  `ip` varchar(40) DEFAULT NULL COMMENT '用户绑定的ip地址。可以是多个具体的ip地址，也可以是通用ip地址（如10.152.109.*）',
  `remark` varchar(256) DEFAULT NULL COMMENT '备注',
  `createtime` datetime NOT NULL COMMENT '创建时间',
  `photo` varchar(255) DEFAULT NULL COMMENT '用户照片',
  `department` varchar(255) DEFAULT NULL COMMENT '用户照片',
  `position` varchar(255) DEFAULT NULL COMMENT '用户照片',
  PRIMARY KEY (`id`)
) ENGINE=InnoDB DEFAULT CHARSET=utf8 AVG_ROW_LENGTH=16384 COMMENT='存储系统用户的信息。本实体主要包括系统用户名、用户姓名、密码、绑定的ip等属性';
/*!40101 SET character_set_client = @saved_cs_client */;

--
-- Dumping data for table `sys_user`
--

LOCK TABLES `sys_user` WRITE;
/*!40000 ALTER TABLE `sys_user` DISABLE KEYS */;
INSERT INTO `sys_user` VALUES ('2012000000013043','superadmin','a1c378e192a848bf942689e59152c4d4','superadmin','c4ca4238a0b923820dcc509a6f75849b','01','01','110','110','',NULL,'','2014-05-21 14:11:00',NULL,NULL,NULL);
/*!40000 ALTER TABLE `sys_user` ENABLE KEYS */;
UNLOCK TABLES;

--
-- Table structure for table `sys_userole`
--

DROP TABLE IF EXISTS `sys_userole`;
/*!40101 SET @saved_cs_client     = @@character_set_client */;
/*!40101 SET character_set_client = utf8 */;
CREATE TABLE `sys_userole` (
  `id` varchar(32) NOT NULL COMMENT '本实体记录的唯一标识。',
  `userid` varchar(32) NOT NULL COMMENT '操作员标识',
  `roleid` varchar(32) NOT NULL COMMENT '角色标识。',
  PRIMARY KEY (`id`)
) ENGINE=InnoDB DEFAULT CHARSET=utf8 AVG_ROW_LENGTH=2730 COMMENT='系统用户与角色的多对多关系。本实体主要包括系统用户与角色对照标识等属性。';
/*!40101 SET character_set_client = @saved_cs_client */;

--
-- Dumping data for table `sys_userole`
--

LOCK TABLES `sys_userole` WRITE;
/*!40000 ALTER TABLE `sys_userole` DISABLE KEYS */;
INSERT INTO `sys_userole` VALUES ('28cbbcffc7df45949f9ac98f78110c0b','dcfb1ab626a34dafa6f6bcfb27a20095','51f460d351f74940a0afd719345cc906'),('59520b83ea554b9282456366251faf0a','2012000000013043','cdc67e472bfa4b7a905f616384695872'),('ab09887efdd11111111111111111110','80569a0e653547c2b9fd173752094021','51f460d351f74940a0afd719345cc906'),('abcdegb7e2da4a0d98f67b7e52ae3eba','e2cb4eb7e2da4a0d98f67b7e52ae3eba','51f460d351f74940a0afd719345cc906'),('d1b4aef5620f4c7ba218020b478d744f','8bdb24e7262b4d8fb3fce74ad82dd5cd','51f460d351f74940a0afd719345cc906'),('qqqqqa33333333333333333b478d744f','b7d901e91cc240c999ec98882c015daf','51f460d351f74940a0afd719345cc906');
/*!40000 ALTER TABLE `sys_userole` ENABLE KEYS */;
UNLOCK TABLES;
/*!40103 SET TIME_ZONE=@OLD_TIME_ZONE */;

/*!40101 SET SQL_MODE=@OLD_SQL_MODE */;
/*!40014 SET FOREIGN_KEY_CHECKS=@OLD_FOREIGN_KEY_CHECKS */;
/*!40014 SET UNIQUE_CHECKS=@OLD_UNIQUE_CHECKS */;
/*!40101 SET CHARACTER_SET_CLIENT=@OLD_CHARACTER_SET_CLIENT */;
/*!40101 SET CHARACTER_SET_RESULTS=@OLD_CHARACTER_SET_RESULTS */;
/*!40101 SET COLLATION_CONNECTION=@OLD_COLLATION_CONNECTION */;
/*!40111 SET SQL_NOTES=@OLD_SQL_NOTES */;

-- Dump completed on 2014-10-14 11:10:15
